timestamp,y_req_t1,predicted
1995-08-16 00:00:00,102.0,139.8461273818157
1995-08-16 00:05:00,99.0,150.757888762543
1995-08-16 00:10:00,77.0,130.44777317078007
1995-08-16 00:15:00,107.0,124.82547553393219
1995-08-16 00:20:00,169.0,134.99373797444883
1995-08-16 00:25:00,154.0,148.59424737782135
1995-08-16 00:30:00,163.0,154.32989073470804
1995-08-16 00:35:00,163.0,154.85801161905943
1995-08-16 00:40:00,59.0,161.8197768775594
1995-08-16 00:45:00,143.0,130.2343673184229
1995-08-16 00:50:00,98.0,145.54147631019416
1995-08-16 00:55:00,159.0,149.91266452364576
1995-08-16 01:00:00,129.0,158.67248892030108
1995-08-16 01:05:00,125.0,160.21552338344796
1995-08-16 01:10:00,92.0,150.01013949167432
1995-08-16 01:15:00,120.0,140.95696004282772
1995-08-16 01:20:00,61.0,141.3725304323056
1995-08-16 01:25:00,92.0,125.94080977636811
1995-08-16 01:30:00,142.0,123.01481558021794
1995-08-16 01:35:00,132.0,149.00409959004637
1995-08-16 01:40:00,76.0,144.17607489729983
1995-08-16 01:45:00,104.0,131.21728335936055
1995-08-16 01:50:00,148.0,138.31689552015106
1995-08-16 01:55:00,105.0,156.02655569698047
1995-08-16 02:00:00,109.0,141.71506424750072
1995-08-16 02:05:00,79.0,136.38403230765076
1995-08-16 02:10:00,77.0,121.01589111000919
1995-08-16 02:15:00,113.0,109.27049989985308
1995-08-16 02:20:00,50.0,123.5790870096018
1995-08-16 02:25:00,95.0,107.81166542049371
1995-08-16 02:30:00,94.0,111.34291455640285
1995-08-16 02:35:00,112.0,114.79449038597868
1995-08-16 02:40:00,110.0,128.7101208237131
1995-08-16 02:45:00,96.0,123.73185279483938
1995-08-16 02:50:00,58.0,122.69261047620704
1995-08-16 02:55:00,72.0,110.6471924254203
1995-08-16 03:00:00,63.0,102.5745500200365
1995-08-16 03:05:00,91.0,97.74456636081997
1995-08-16 03:10:00,65.0,106.91528639859999
1995-08-16 03:15:00,114.0,105.31592770266353
1995-08-16 03:20:00,74.0,118.57665164106778
1995-08-16 03:25:00,87.0,111.21721524070188
1995-08-16 03:30:00,115.0,114.61090447267516
1995-08-16 03:35:00,88.0,125.3779776947205
1995-08-16 03:40:00,95.0,115.63350193012994
1995-08-16 03:45:00,90.0,117.92275701286225
1995-08-16 03:50:00,120.0,123.59812665484682
1995-08-16 03:55:00,97.0,124.98773088580649
1995-08-16 04:00:00,112.0,113.58039520983911
1995-08-16 04:05:00,50.0,124.55855933345211
1995-08-16 04:10:00,125.0,102.86439056356
1995-08-16 04:15:00,96.0,122.9002179578315
1995-08-16 04:20:00,51.0,119.87220602624552
1995-08-16 04:25:00,47.0,110.70792231278612
1995-08-16 04:30:00,64.0,93.23187528545806
1995-08-16 04:35:00,61.0,100.63282478466893
1995-08-16 04:40:00,51.0,93.67194677251413
1995-08-16 04:45:00,55.0,85.73330540959873
1995-08-16 04:50:00,21.0,88.28786687512518
1995-08-16 04:55:00,53.0,71.9353262030598
1995-08-16 05:00:00,25.0,83.19301422286658
1995-08-16 05:05:00,84.0,67.40381139878016
1995-08-16 05:10:00,72.0,75.59153996599875
1995-08-16 05:15:00,89.0,88.47591999135253
1995-08-16 05:20:00,96.0,94.75429875790981
1995-08-16 05:25:00,77.0,99.652521791781
1995-08-16 05:30:00,107.0,89.17057810103168
1995-08-16 05:35:00,63.0,106.49578720982808
1995-08-16 05:40:00,32.0,101.53063495829679
1995-08-16 05:45:00,72.0,82.22940512837461
1995-08-16 05:50:00,65.0,77.87441342590702
1995-08-16 05:55:00,69.0,88.7392363841283
1995-08-16 06:00:00,82.0,88.50855277434917
1995-08-16 06:05:00,58.0,88.57968080356595
1995-08-16 06:10:00,89.0,90.8085295551693
1995-08-16 06:15:00,104.0,100.07329695168957
1995-08-16 06:20:00,73.0,119.82327919753799
1995-08-16 06:25:00,129.0,93.42153659698442
1995-08-16 06:30:00,70.0,124.41143918718903
1995-08-16 06:35:00,68.0,100.74614640679114
1995-08-16 06:40:00,115.0,97.20787774098073
1995-08-16 06:45:00,126.0,129.01937786061737
1995-08-16 06:50:00,96.0,129.7288452014392
1995-08-16 06:55:00,134.0,120.51887439719893
1995-08-16 07:00:00,75.0,151.28876447684974
1995-08-16 07:05:00,81.0,122.36905415782756
1995-08-16 07:10:00,107.0,128.36407207075308
1995-08-16 07:15:00,95.0,140.30425202546454
1995-08-16 07:20:00,152.0,129.80627038529582
1995-08-16 07:25:00,172.0,175.31990836999685
1995-08-16 07:30:00,206.0,178.6482081649912
1995-08-16 07:35:00,179.0,203.56158921938737
1995-08-16 07:40:00,162.0,211.2198873678926
1995-08-16 07:45:00,179.0,211.71715446006795
1995-08-16 07:50:00,139.0,212.50538312424544
1995-08-16 07:55:00,168.0,200.7415952104226
1995-08-16 08:00:00,235.0,220.96270632082286
1995-08-16 08:05:00,248.0,264.5940881538907
1995-08-16 08:10:00,167.0,294.34195913231025
1995-08-16 08:15:00,190.0,236.96565777919372
1995-08-16 08:20:00,221.0,272.99864519024754
1995-08-16 08:25:00,147.0,275.4813530794118
1995-08-16 08:30:00,145.0,245.44108676895354
1995-08-16 08:35:00,186.0,241.39588755151757
1995-08-16 08:40:00,147.0,248.89900252414944
1995-08-16 08:45:00,286.0,230.13970177342966
1995-08-16 08:50:00,198.0,282.69201788172336
1995-08-16 08:55:00,236.0,251.05055183635278
1995-08-16 09:00:00,201.0,290.32369785031403
1995-08-16 09:05:00,267.0,264.01217711722484
1995-08-16 09:10:00,166.0,299.5003550404561
1995-08-16 09:15:00,222.0,247.52419190880295
1995-08-16 09:20:00,259.0,263.51960233880266
1995-08-16 09:25:00,180.0,287.19870772902357
1995-08-16 09:30:00,305.0,257.0590233783835
1995-08-16 09:35:00,262.0,318.7646165689104
1995-08-16 09:40:00,327.0,310.24233683769046
1995-08-16 09:45:00,235.0,320.5337035146413
1995-08-16 09:50:00,249.0,315.40506560254636
1995-08-16 09:55:00,274.0,341.4994221300326
1995-08-16 10:00:00,272.0,338.38497284661395
1995-08-16 10:05:00,288.0,344.39421838213707
1995-08-16 10:10:00,344.0,351.6331424583609
1995-08-16 10:15:00,265.0,361.32583676183475
1995-08-16 10:20:00,307.0,339.4859894748541
1995-08-16 10:25:00,297.0,365.0352040120626
1995-08-16 10:30:00,278.0,360.08881877331316
1995-08-16 10:35:00,193.0,368.90748305352156
1995-08-16 10:40:00,279.0,322.53648596054984
1995-08-16 10:45:00,274.0,354.63560118633035
1995-08-16 10:50:00,315.0,340.9379641171369
1995-08-16 10:55:00,239.0,352.8467823075924
1995-08-16 11:00:00,291.0,333.8644107428598
1995-08-16 11:05:00,301.0,368.6184349880798
1995-08-16 11:10:00,222.0,361.24242170053816
1995-08-16 11:15:00,344.0,324.3217018129095
1995-08-16 11:20:00,241.0,362.82094422418044
1995-08-16 11:25:00,307.0,327.9242476009071
1995-08-16 11:30:00,355.0,359.6265691062152
1995-08-16 11:35:00,299.0,368.28149177900667
1995-08-16 11:40:00,344.0,370.0161209599507
1995-08-16 11:45:00,416.0,394.5621840146114
1995-08-16 11:50:00,231.0,428.3399343221854
1995-08-16 11:55:00,295.0,368.99733797328474
1995-08-16 12:00:00,311.0,387.7276803071875
1995-08-16 12:05:00,325.0,379.0271355045273
1995-08-16 12:10:00,314.0,382.90759533896215
1995-08-16 12:15:00,240.0,377.759967615761
1995-08-16 12:20:00,282.0,369.02391480472033
1995-08-16 12:25:00,323.0,369.2390877827967
1995-08-16 12:30:00,301.0,380.76051210305656
1995-08-16 12:35:00,378.0,377.0197501997725
1995-08-16 12:40:00,328.0,394.76180360714653
1995-08-16 12:45:00,219.0,388.05095065325634
1995-08-16 12:50:00,263.0,359.90981182243985
1995-08-16 12:55:00,279.0,392.75687565209387
1995-08-16 13:00:00,267.0,364.8625608741054
1995-08-16 13:05:00,280.0,362.8328992968299
1995-08-16 13:10:00,335.0,353.0382239457933
1995-08-16 13:15:00,366.0,380.23732862404177
1995-08-16 13:20:00,365.0,379.2181359466126
1995-08-16 13:25:00,306.0,397.7538484323177
1995-08-16 13:30:00,341.0,383.968549907787
1995-08-16 13:35:00,408.0,405.2830268767032
1995-08-16 13:40:00,400.0,406.5055615581272
1995-08-16 13:45:00,269.0,421.4313211788636
1995-08-16 13:50:00,314.0,382.3368688108074
1995-08-16 13:55:00,311.0,393.2975382905738
1995-08-16 14:00:00,430.0,384.64457872735983
1995-08-16 14:05:00,436.0,439.53561030863534
1995-08-16 14:10:00,414.0,442.9238662348344
1995-08-16 14:15:00,328.0,425.00323406409944
1995-08-16 14:20:00,325.0,411.8767970846296
1995-08-16 14:25:00,359.0,409.5295339110568
1995-08-16 14:30:00,382.0,406.2578509774706
1995-08-16 14:35:00,326.0,413.78526264234233
1995-08-16 14:40:00,306.0,416.93115300652715
1995-08-16 14:45:00,312.0,411.1188687494711
1995-08-16 14:50:00,249.0,394.2675548812975
1995-08-16 14:55:00,277.0,375.9395597899286
1995-08-16 15:00:00,290.0,408.40718414391404
1995-08-16 15:05:00,267.0,384.4756108159158
1995-08-16 15:10:00,280.0,354.6162123954297
1995-08-16 15:15:00,457.0,369.1836567425181
1995-08-16 15:20:00,426.0,413.06295875369767
1995-08-16 15:25:00,404.0,411.2379224059604
1995-08-16 15:30:00,431.0,403.59216051453745
1995-08-16 15:35:00,287.0,415.1548174089105
1995-08-16 15:40:00,286.0,388.4215353641363
1995-08-16 15:45:00,295.0,396.1285712098903
1995-08-16 15:50:00,243.0,403.6309486725847
1995-08-16 15:55:00,339.0,360.43775501385306
1995-08-16 16:00:00,251.0,396.0724203189212
1995-08-16 16:05:00,282.0,372.003524525472
1995-08-16 16:10:00,389.0,369.8711598786437
1995-08-16 16:15:00,362.0,410.8795069179464
1995-08-16 16:20:00,380.0,416.85329684536697
1995-08-16 16:25:00,385.0,400.40094316621503
1995-08-16 16:30:00,62.0,412.8054252986376
1995-08-16 16:35:00,224.0,329.9647911062099
1995-08-16 16:40:00,327.0,354.87835319118415
1995-08-16 16:45:00,213.0,385.0413264452105
1995-08-16 16:50:00,284.0,325.57812859169576
1995-08-16 16:55:00,329.0,365.9421210139852
1995-08-16 17:00:00,287.0,353.1666757549936
1995-08-16 17:05:00,327.0,344.9628688715981
1995-08-16 17:10:00,305.0,368.81310963775854
1995-08-16 17:15:00,216.0,371.94536047545176
1995-08-16 17:20:00,201.0,327.80893983618614
1995-08-16 17:25:00,219.0,312.99804234435516
1995-08-16 17:30:00,305.0,303.7387632712679
1995-08-16 17:35:00,291.0,344.0269253237969
1995-08-16 17:40:00,146.0,329.9137750033099
1995-08-16 17:45:00,228.0,275.453826482504
1995-08-16 17:50:00,186.0,287.45877461437414
1995-08-16 17:55:00,227.0,264.0303326934868
1995-08-16 18:00:00,149.0,275.9564729268281
1995-08-16 18:05:00,270.0,248.22591048100173
1995-08-16 18:10:00,215.0,287.3367485443212
1995-08-16 18:15:00,164.0,266.6510284851788
1995-08-16 18:20:00,125.0,245.74205001876226
1995-08-16 18:25:00,217.0,226.9182312557011
1995-08-16 18:30:00,254.0,251.1911194615556
1995-08-16 18:35:00,187.0,278.00403429609963
1995-08-16 18:40:00,197.0,253.0546381352533
1995-08-16 18:45:00,214.0,241.90282832581536
1995-08-16 18:50:00,187.0,260.2042632497313
1995-08-16 18:55:00,233.0,244.90914045172053
1995-08-16 19:00:00,230.0,264.5545595362833
1995-08-16 19:05:00,135.0,272.7358996458351
1995-08-16 19:10:00,205.0,227.45754328666692
1995-08-16 19:15:00,182.0,232.1726869891412
1995-08-16 19:20:00,150.0,244.66426553828578
1995-08-16 19:25:00,180.0,217.53998112562144
1995-08-16 19:30:00,141.0,216.31248931235646
1995-08-16 19:35:00,228.0,201.16260460991197
1995-08-16 19:40:00,173.0,241.58361639733468
1995-08-16 19:45:00,197.0,202.45636957554558
1995-08-16 19:50:00,198.0,232.5598494708314
1995-08-16 19:55:00,289.0,225.2894179391877
1995-08-16 20:00:00,153.0,272.30029538504573
1995-08-16 20:05:00,234.0,243.25208642190566
1995-08-16 20:10:00,164.0,261.7801485944104
1995-08-16 20:15:00,159.0,237.79097374394541
1995-08-16 20:20:00,182.0,222.56611327212357
1995-08-16 20:25:00,213.0,231.00700074325778
1995-08-16 20:30:00,186.0,240.74184797621302
1995-08-16 20:35:00,126.0,227.3971537308974
1995-08-16 20:40:00,140.0,197.05756872720167
1995-08-16 20:45:00,87.0,191.95060706394955
1995-08-16 20:50:00,110.0,177.46189711695715
1995-08-16 20:55:00,168.0,178.26473884055184
1995-08-16 21:00:00,204.0,193.84928577601812
1995-08-16 21:05:00,227.0,206.63078670585506
1995-08-16 21:10:00,173.0,248.80961890776305
1995-08-16 21:15:00,183.0,208.94075532408587
1995-08-16 21:20:00,196.0,223.21874113989713
1995-08-16 21:25:00,227.0,239.77185249383479
1995-08-16 21:30:00,192.0,263.91545547501636
1995-08-16 21:35:00,241.0,253.19654776742408
1995-08-16 21:40:00,204.0,268.7687949012883
1995-08-16 21:45:00,151.0,248.99282603379459
1995-08-16 21:50:00,165.0,226.13663728091896
1995-08-16 21:55:00,143.0,223.00899380748092
1995-08-16 22:00:00,184.0,208.97612180510768
1995-08-16 22:05:00,283.0,216.10454115012155
1995-08-16 22:10:00,194.0,258.55017806763004
1995-08-16 22:15:00,178.0,222.27411071811034
1995-08-16 22:20:00,170.0,228.29525701688192
1995-08-16 22:25:00,148.0,202.57179222697536
1995-08-16 22:30:00,127.0,221.02710632062283
1995-08-16 22:35:00,131.0,208.3306769051791
1995-08-16 22:40:00,138.0,183.49344554347783
1995-08-16 22:45:00,157.0,193.8778058638754
1995-08-16 22:50:00,115.0,201.49999470333736
1995-08-16 22:55:00,111.0,180.09292517622012
1995-08-16 23:00:00,169.0,163.6238031465597
1995-08-16 23:05:00,94.0,183.1226236935219
1995-08-16 23:10:00,101.0,150.92820927914636
1995-08-16 23:15:00,125.0,161.76293435078878
1995-08-16 23:20:00,141.0,156.41142930340163
1995-08-16 23:25:00,206.0,177.06437458977982
1995-08-16 23:30:00,222.0,203.23100686495994
1995-08-16 23:35:00,243.0,212.6056970449453
1995-08-16 23:40:00,163.0,244.66672252877981
1995-08-16 23:45:00,97.0,208.7133664093056
1995-08-16 23:50:00,179.0,191.74183641319067
1995-08-16 23:55:00,131.0,197.61433608331816
1995-08-17 00:00:00,94.0,176.08697714622295
1995-08-17 00:05:00,175.0,156.97131299369696
1995-08-17 00:10:00,122.0,172.00068094110338
1995-08-17 00:15:00,134.0,152.5343621143314
1995-08-17 00:20:00,136.0,169.5767220503556
1995-08-17 00:25:00,153.0,160.505466455655
1995-08-17 00:30:00,115.0,175.72520200631726
1995-08-17 00:35:00,111.0,161.25365341468628
1995-08-17 00:40:00,127.0,155.6280060224017
1995-08-17 00:45:00,96.0,148.58535744908053
1995-08-17 00:50:00,117.0,136.89390878390785
1995-08-17 00:55:00,71.0,146.5102383813693
1995-08-17 01:00:00,182.0,126.75530275409419
1995-08-17 01:05:00,120.0,173.39280658311625
1995-08-17 01:10:00,110.0,139.73967275360602
1995-08-17 01:15:00,90.0,150.66805946441113
1995-08-17 01:20:00,116.0,128.0567723255515
1995-08-17 01:25:00,64.0,144.48035404667635
1995-08-17 01:30:00,117.0,125.72673976414984
1995-08-17 01:35:00,91.0,141.92183379207103
1995-08-17 01:40:00,109.0,123.82632228638359
1995-08-17 01:45:00,124.0,134.2217635496762
1995-08-17 01:50:00,123.0,140.4609383007148
1995-08-17 01:55:00,132.0,148.0797013149878
1995-08-17 02:00:00,90.0,147.3361945904468
1995-08-17 02:05:00,100.0,134.2030242504812
1995-08-17 02:10:00,97.0,130.58629410577458
1995-08-17 02:15:00,90.0,117.70715789263215
1995-08-17 02:20:00,102.0,127.98116051825234
1995-08-17 02:25:00,40.0,127.48148192489904
1995-08-17 02:30:00,98.0,117.63800469617512
1995-08-17 02:35:00,94.0,107.99419406131908
1995-08-17 02:40:00,68.0,122.35758813483461
1995-08-17 02:45:00,48.0,99.53525222375646
1995-08-17 02:50:00,57.0,99.95019723026499
1995-08-17 02:55:00,57.0,91.11847211124727
1995-08-17 03:00:00,64.0,88.36915426226133
1995-08-17 03:05:00,62.0,89.56363944420124
1995-08-17 03:10:00,33.0,87.49591189776028
1995-08-17 03:15:00,57.0,69.06623847647114
1995-08-17 03:20:00,34.0,81.475416573669
1995-08-17 03:25:00,51.0,74.68761806101175
1995-08-17 03:30:00,46.0,83.92989792971298
1995-08-17 03:35:00,82.0,81.96734980185072
1995-08-17 03:40:00,71.0,90.11018878847374
1995-08-17 03:45:00,79.0,87.0573705269955
1995-08-17 03:50:00,107.0,94.50966205266451
1995-08-17 03:55:00,126.0,117.10863111217262
1995-08-17 04:00:00,136.0,121.58415163608953
1995-08-17 04:05:00,114.0,125.5299853191194
1995-08-17 04:10:00,127.0,128.12657657101894
1995-08-17 04:15:00,112.0,129.22015195457834
1995-08-17 04:20:00,49.0,119.37100889499727
1995-08-17 04:25:00,77.0,95.74325486177273
1995-08-17 04:30:00,93.0,93.36469615347264
1995-08-17 04:35:00,72.0,111.0067199812883
1995-08-17 04:40:00,100.0,97.45810016330945
1995-08-17 04:45:00,74.0,113.18995152582737
1995-08-17 04:50:00,18.0,106.91655947746243
1995-08-17 04:55:00,41.0,88.6258241738272
1995-08-17 05:00:00,61.0,82.9943139775851
1995-08-17 05:05:00,85.0,97.58026846909176
1995-08-17 05:10:00,72.0,88.13328247346928
1995-08-17 05:15:00,48.0,99.17405002386809
1995-08-17 05:20:00,125.0,94.1161398467136
1995-08-17 05:25:00,68.0,116.58280879194038
1995-08-17 05:30:00,65.0,103.5728694307291
1995-08-17 05:35:00,71.0,102.19416573985966
1995-08-17 05:40:00,61.0,102.11073226671
1995-08-17 05:45:00,56.0,103.88164972627676
1995-08-17 05:50:00,58.0,83.4335135558108
1995-08-17 05:55:00,96.0,96.96091638677521
1995-08-17 06:00:00,50.0,99.60057015520725
1995-08-17 06:05:00,65.0,104.24065198905699
1995-08-17 06:10:00,54.0,93.94273420416602
1995-08-17 06:15:00,36.0,86.5490788621215
1995-08-17 06:20:00,60.0,85.22205699645384
1995-08-17 06:25:00,71.0,82.4961817089842
1995-08-17 06:30:00,91.0,85.92357779943352
1995-08-17 06:35:00,70.0,102.28650245280308
1995-08-17 06:40:00,51.0,94.11437632001027
1995-08-17 06:45:00,113.0,82.82096006298622
1995-08-17 06:50:00,160.0,110.15603991498202
1995-08-17 06:55:00,115.0,145.01121222224586
1995-08-17 07:00:00,159.0,146.22754473869412
1995-08-17 07:05:00,183.0,169.40866461263647
1995-08-17 07:10:00,126.0,186.63091927546915
1995-08-17 07:15:00,134.0,166.74538362102123
1995-08-17 07:20:00,190.0,179.94359783873972
1995-08-17 07:25:00,131.0,208.32111230422908
1995-08-17 07:30:00,96.0,193.9188636350947
1995-08-17 07:35:00,153.0,173.59967257075957
1995-08-17 07:40:00,195.0,207.06586574780624
1995-08-17 07:45:00,191.0,221.0735279779515
1995-08-17 07:50:00,170.0,226.611237012356
1995-08-17 07:55:00,250.0,232.14338418410617
1995-08-17 08:00:00,196.0,282.74882398255363
1995-08-17 08:05:00,217.0,272.8047335763281
1995-08-17 08:10:00,264.0,276.9099719051542
1995-08-17 08:15:00,234.0,317.0034328918522
1995-08-17 08:20:00,243.0,321.54823404049426
1995-08-17 08:25:00,165.0,321.5031275795388
1995-08-17 08:30:00,188.0,269.4482874781934
1995-08-17 08:35:00,193.0,274.74163096411587
1995-08-17 08:40:00,222.0,261.81015117207204
1995-08-17 08:45:00,206.0,273.6306612728495
1995-08-17 08:50:00,252.0,278.22211600809305
1995-08-17 08:55:00,231.0,296.5531171220478
1995-08-17 09:00:00,283.0,288.5428782314593
1995-08-17 09:05:00,256.0,311.59641837285096
1995-08-17 09:10:00,222.0,302.174835040067
1995-08-17 09:15:00,258.0,300.37067737378794
1995-08-17 09:20:00,313.0,318.6678663479984
1995-08-17 09:25:00,256.0,337.1436057116896
1995-08-17 09:30:00,242.0,323.6187061635513
1995-08-17 09:35:00,257.0,324.7980621917728
1995-08-17 09:40:00,209.0,333.91227322872817
1995-08-17 09:45:00,270.0,297.0688338336147
1995-08-17 09:50:00,276.0,329.5615467261615
1995-08-17 09:55:00,249.0,339.72097745312965
1995-08-17 10:00:00,250.0,327.64395002015283
1995-08-17 10:05:00,300.0,329.6873797069928
1995-08-17 10:10:00,204.0,342.27667554302985
1995-08-17 10:15:00,243.0,280.03141832095866
1995-08-17 10:20:00,354.0,296.1776379647439
1995-08-17 10:25:00,305.0,371.73534014080957
1995-08-17 10:30:00,324.0,355.3262710650073
1995-08-17 10:35:00,440.0,351.085504968541
1995-08-17 10:40:00,399.0,427.8709934801698
1995-08-17 10:45:00,290.0,402.4970108687504
1995-08-17 10:50:00,334.0,384.8296398557295
1995-08-17 10:55:00,316.0,385.94985561866815
1995-08-17 11:00:00,329.0,385.1336572516254
1995-08-17 11:05:00,374.0,388.19485078812113
1995-08-17 11:10:00,316.0,417.2915424619128
1995-08-17 11:15:00,328.0,388.7431349693646
1995-08-17 11:20:00,300.0,406.21036919456384
1995-08-17 11:25:00,211.0,383.76183619638874
1995-08-17 11:30:00,232.0,345.89051039703617
1995-08-17 11:35:00,277.0,352.3577196874605
1995-08-17 11:40:00,265.0,356.09818231107545
1995-08-17 11:45:00,246.0,352.1895953903265
1995-08-17 11:50:00,283.0,341.4819496871412
1995-08-17 11:55:00,312.0,355.457238461832
1995-08-17 12:00:00,270.0,356.6373075321035
1995-08-17 12:05:00,351.0,357.87991114520077
1995-08-17 12:10:00,310.0,379.06393397783495
1995-08-17 12:15:00,302.0,366.76827616568306
1995-08-17 12:20:00,291.0,378.89923465684967
1995-08-17 12:25:00,376.0,376.1846466583836
1995-08-17 12:30:00,323.0,409.41529936056656
1995-08-17 12:35:00,355.0,377.2476165760291
1995-08-17 12:40:00,444.0,396.69451018007453
1995-08-17 12:45:00,443.0,433.45269808091774
1995-08-17 12:50:00,270.0,416.5106373451375
1995-08-17 12:55:00,285.0,378.11544622667685
1995-08-17 13:00:00,287.0,392.5078487597718
1995-08-17 13:05:00,309.0,371.65399280384656
1995-08-17 13:10:00,378.0,380.57245264636737
1995-08-17 13:15:00,337.0,400.75290562345464
1995-08-17 13:20:00,353.0,404.4142584944478
1995-08-17 13:25:00,310.0,395.7684112753369
1995-08-17 13:30:00,382.0,402.0289688607093
1995-08-17 13:35:00,305.0,427.5006261731104
1995-08-17 13:40:00,332.0,392.8289373905559
1995-08-17 13:45:00,385.0,393.3191645590136
1995-08-17 13:50:00,371.0,443.95272540613746
1995-08-17 13:55:00,356.0,417.6047704867715
1995-08-17 14:00:00,323.0,409.69388730844577
1995-08-17 14:05:00,422.0,416.6575820055825
1995-08-17 14:10:00,309.0,427.172202898063
1995-08-17 14:15:00,331.0,417.75637776946905
1995-08-17 14:20:00,282.0,396.19290280603326
1995-08-17 14:25:00,303.0,380.2153591103135
1995-08-17 14:30:00,263.0,398.8217956803188
1995-08-17 14:35:00,233.0,366.7040683160262
1995-08-17 14:40:00,327.0,368.4821330286409
1995-08-17 14:45:00,437.0,381.7874348002829
1995-08-17 14:50:00,475.0,414.4511039047796
1995-08-17 14:55:00,370.0,415.9026861819531
1995-08-17 15:00:00,424.0,415.37643117570565
1995-08-17 15:05:00,402.0,425.65613993827577
1995-08-17 15:10:00,432.0,432.04662831678326
1995-08-17 15:15:00,365.0,422.7929933027943
1995-08-17 15:20:00,281.0,410.44272626919354
1995-08-17 15:25:00,393.0,414.42858014071896
1995-08-17 15:30:00,358.0,413.0717920245611
1995-08-17 15:35:00,373.0,388.31321447701345
1995-08-17 15:40:00,370.0,392.37978280696456
1995-08-17 15:45:00,468.0,405.5066136738079
1995-08-17 15:50:00,403.0,416.4509048412394
1995-08-17 15:55:00,349.0,408.39602043466334
1995-08-17 16:00:00,290.0,416.49025948991533
1995-08-17 16:05:00,295.0,396.59874629909854
1995-08-17 16:10:00,412.0,389.06043169373345
1995-08-17 16:15:00,334.0,410.5349935647285
1995-08-17 16:20:00,353.0,385.77214888255145
1995-08-17 16:25:00,311.0,383.2075889861763
1995-08-17 16:30:00,378.0,389.54604292745745
1995-08-17 16:35:00,284.0,394.3469267198821
1995-08-17 16:40:00,364.0,388.2675127663902
1995-08-17 16:45:00,373.0,405.66874001511053
1995-08-17 16:50:00,343.0,418.6399226383294
1995-08-17 16:55:00,255.0,399.359529200193
1995-08-17 17:00:00,270.0,372.7142166393973
1995-08-17 17:05:00,336.0,355.651673710586
1995-08-17 17:10:00,314.0,381.3454459857512
1995-08-17 17:15:00,250.0,363.7155304169289
1995-08-17 17:20:00,303.0,361.96743092994564
1995-08-17 17:25:00,260.0,358.81681831016544
1995-08-17 17:30:00,201.0,333.65881223624217
1995-08-17 17:35:00,193.0,298.6807683950368
1995-08-17 17:40:00,307.0,292.0823930467347
1995-08-17 17:45:00,255.0,339.9630148418955
1995-08-17 17:50:00,163.0,316.6531184582999
1995-08-17 17:55:00,245.0,266.4000507994299
1995-08-17 18:00:00,240.0,257.2627515143615
1995-08-17 18:05:00,186.0,262.5657864699988
1995-08-17 18:10:00,172.0,246.22710578156267
1995-08-17 18:15:00,225.0,241.5103394812187
1995-08-17 18:20:00,234.0,252.4288182773002
1995-08-17 18:25:00,128.0,271.9417619424299
1995-08-17 18:30:00,182.0,220.06233040188368
1995-08-17 18:35:00,191.0,235.91062074059195
1995-08-17 18:40:00,211.0,222.9982519084629
1995-08-17 18:45:00,258.0,249.61936725100196
1995-08-17 18:50:00,272.0,276.95749193375946
1995-08-17 18:55:00,272.0,272.6850852976242
1995-08-17 19:00:00,194.0,279.0230555687545
1995-08-17 19:05:00,155.0,245.62636610336946
1995-08-17 19:10:00,175.0,245.81618394350198
1995-08-17 19:15:00,219.0,229.39101324614887
1995-08-17 19:20:00,180.0,252.78978400525352
1995-08-17 19:25:00,166.0,235.1642954194063
1995-08-17 19:30:00,218.0,226.63549444928339
1995-08-17 19:35:00,219.0,230.05323757105805
1995-08-17 19:40:00,237.0,242.87166122478772
1995-08-17 19:45:00,202.0,273.388145294638
1995-08-17 19:50:00,132.0,246.47006453360504
1995-08-17 19:55:00,118.0,228.1833867167841
1995-08-17 20:00:00,155.0,215.1925148125181
1995-08-17 20:05:00,205.0,212.3761991614478
1995-08-17 20:10:00,292.0,231.29606730218788
1995-08-17 20:15:00,217.0,265.6126832641873
1995-08-17 20:20:00,230.0,243.75406495769252
1995-08-17 20:25:00,264.0,274.3326450744706
1995-08-17 20:30:00,166.0,291.60467654067236
1995-08-17 20:35:00,175.0,236.4662708953817
1995-08-17 20:40:00,134.0,235.17933409597072
1995-08-17 20:45:00,170.0,226.29698954387217
1995-08-17 20:50:00,204.0,230.17130780698346
1995-08-17 20:55:00,184.0,231.2478866013677
1995-08-17 21:00:00,186.0,239.85114281550835
1995-08-17 21:05:00,155.0,231.15684737515554
1995-08-17 21:10:00,110.0,216.36699510606286
1995-08-17 21:15:00,150.0,196.5488717803545
1995-08-17 21:20:00,192.0,210.14624890548438
1995-08-17 21:25:00,185.0,225.61035308134095
1995-08-17 21:30:00,187.0,216.26527840349007
1995-08-17 21:35:00,103.0,219.7799661167993
1995-08-17 21:40:00,163.0,180.9597124308885
1995-08-17 21:45:00,170.0,205.21414812880846
1995-08-17 21:50:00,164.0,207.84381353403464
1995-08-17 21:55:00,191.0,218.10078298785578
1995-08-17 22:00:00,141.0,224.20831331916423
1995-08-17 22:05:00,233.0,207.09324766436023
1995-08-17 22:10:00,160.0,242.70787994651997
1995-08-17 22:15:00,131.0,218.66504940313658
1995-08-17 22:20:00,163.0,206.29087350978108
1995-08-17 22:25:00,178.0,211.61072578908195
1995-08-17 22:30:00,167.0,202.40212395054857
1995-08-17 22:35:00,132.0,203.50609446440316
1995-08-17 22:40:00,112.0,196.43303897928757
1995-08-17 22:45:00,159.0,183.46490099886907
1995-08-17 22:50:00,97.0,201.17999973152146
1995-08-17 22:55:00,96.0,161.5314970381469
1995-08-17 23:00:00,95.0,146.6965715002721
1995-08-17 23:05:00,172.0,155.40064921140686
1995-08-17 23:10:00,219.0,190.90462468206283
1995-08-17 23:15:00,284.0,216.2658088680324
1995-08-17 23:20:00,144.0,244.30354020225099
1995-08-17 23:25:00,102.0,205.08037415338853
1995-08-17 23:30:00,168.0,207.07768346158167
1995-08-17 23:35:00,150.0,206.11622577248397
1995-08-17 23:40:00,172.0,212.68595732184332
1995-08-17 23:45:00,129.0,210.08667579908365
1995-08-17 23:50:00,99.0,186.27146053015355
1995-08-17 23:55:00,94.0,164.859867847378
1995-08-18 00:00:00,128.0,139.76350336829398
1995-08-18 00:05:00,168.0,152.79791435775556
1995-08-18 00:10:00,171.0,161.48381590905726
1995-08-18 00:15:00,116.0,167.43495641617497
1995-08-18 00:20:00,59.0,146.7115188074127
1995-08-18 00:25:00,95.0,119.33144227942421
1995-08-18 00:30:00,114.0,122.76114915529338
1995-08-18 00:35:00,44.0,136.76772983910317
1995-08-18 00:40:00,99.0,108.30309670101957
1995-08-18 00:45:00,76.0,125.13446085282364
1995-08-18 00:50:00,104.0,122.7307995242719
1995-08-18 00:55:00,115.0,123.74400258142143
1995-08-18 01:00:00,118.0,137.7678784376376
1995-08-18 01:05:00,126.0,129.9715466047432
1995-08-18 01:10:00,152.0,123.92702970723816
1995-08-18 01:15:00,97.0,152.8500026560591
1995-08-18 01:20:00,133.0,128.98007752607273
1995-08-18 01:25:00,115.0,144.77952366203817
1995-08-18 01:30:00,162.0,136.3959551675972
1995-08-18 01:35:00,115.0,154.18827904135966
1995-08-18 01:40:00,144.0,149.91998200643494
1995-08-18 01:45:00,152.0,154.4681710550582
1995-08-18 01:50:00,193.0,162.96444226988368
1995-08-18 01:55:00,119.0,173.7698846413768
1995-08-18 02:00:00,82.0,158.43957835998773
1995-08-18 02:05:00,122.0,143.88114780521474
1995-08-18 02:10:00,45.0,142.42900323905525
1995-08-18 02:15:00,72.0,128.52812021839244
1995-08-18 02:20:00,95.0,111.2716439792674
1995-08-18 02:25:00,87.0,114.76848666496
1995-08-18 02:30:00,103.0,124.68304389916975
1995-08-18 02:35:00,107.0,129.90293179077725
1995-08-18 02:40:00,99.0,133.91938702263147
1995-08-18 02:45:00,130.0,117.75492598449638
1995-08-18 02:50:00,87.0,138.36046353796388
1995-08-18 02:55:00,132.0,127.28843537314236
1995-08-18 03:00:00,86.0,134.9896015104672
1995-08-18 03:05:00,91.0,116.50891242945673
1995-08-18 03:10:00,64.0,126.31164883506202
1995-08-18 03:15:00,67.0,114.4397304499632
1995-08-18 03:20:00,108.0,106.17181645867024
1995-08-18 03:25:00,76.0,126.10307626890135
1995-08-18 03:30:00,148.0,113.19191487461967
1995-08-18 03:35:00,64.0,142.4692165170812
1995-08-18 03:40:00,120.0,112.18995522301931
1995-08-18 03:45:00,98.0,130.60263893723905
1995-08-18 03:50:00,77.0,121.4974219971361
1995-08-18 03:55:00,89.0,110.69155496163248
1995-08-18 04:00:00,68.0,126.83400408601725
1995-08-18 04:05:00,89.0,95.65101397581263
1995-08-18 04:10:00,77.0,109.26741628648787
1995-08-18 04:15:00,81.0,115.41063555352713
1995-08-18 04:20:00,82.0,105.75847726730959
1995-08-18 04:25:00,82.0,98.47406727892458
1995-08-18 04:30:00,46.0,113.84871305818254
1995-08-18 04:35:00,80.0,93.73874929551972
1995-08-18 04:40:00,78.0,89.66176990245184
1995-08-18 04:45:00,77.0,104.61063087490783
1995-08-18 04:50:00,82.0,105.65013603472241
1995-08-18 04:55:00,64.0,99.71155214580246
1995-08-18 05:00:00,77.0,112.62090832724799
1995-08-18 05:05:00,133.0,91.42226047446174
1995-08-18 05:10:00,84.0,129.88673103071187
1995-08-18 05:15:00,82.0,101.37110666955896
1995-08-18 05:20:00,45.0,110.68777218506006
1995-08-18 05:25:00,58.0,84.2394086944589
1995-08-18 05:30:00,45.0,92.0015452551777
1995-08-18 05:35:00,53.0,80.25378812971583
1995-08-18 05:40:00,81.0,83.0151193349034
1995-08-18 05:45:00,85.0,89.78410416118646
1995-08-18 05:50:00,129.0,98.45309989011467
1995-08-18 05:55:00,64.0,122.07198458090807
1995-08-18 06:00:00,107.0,102.38592295531765
1995-08-18 06:05:00,95.0,113.35551830277308
1995-08-18 06:10:00,76.0,114.50988686430634
1995-08-18 06:15:00,58.0,112.85134313372137
1995-08-18 06:20:00,63.0,104.41366894324915
1995-08-18 06:25:00,74.0,99.03057785720759
1995-08-18 06:30:00,84.0,85.81682526688925
1995-08-18 06:35:00,80.0,107.36306412324858
1995-08-18 06:40:00,78.0,108.64483858032318
1995-08-18 06:45:00,79.0,101.77908870538438
1995-08-18 06:50:00,182.0,110.21419539475063
1995-08-18 06:55:00,115.0,159.12730031275925
1995-08-18 07:00:00,113.0,157.9917417016489
1995-08-18 07:05:00,151.0,161.74307943681623
1995-08-18 07:10:00,181.0,179.0913533713047
1995-08-18 07:15:00,137.0,195.4244570951398
1995-08-18 07:20:00,114.0,191.78276382994162
1995-08-18 07:25:00,112.0,177.58064417991372
1995-08-18 07:30:00,151.0,164.39897571113525
1995-08-18 07:35:00,211.0,191.70544963515238
1995-08-18 07:40:00,193.0,217.39300130625773
1995-08-18 07:45:00,126.0,216.6536928539561
1995-08-18 07:50:00,154.0,184.92512163936783
1995-08-18 07:55:00,186.0,196.080823225883
1995-08-18 08:00:00,249.0,218.66685102689945
1995-08-18 08:05:00,190.0,264.2369132614867
1995-08-18 08:10:00,164.0,241.9563391799426
1995-08-18 08:15:00,174.0,236.6958650413024
1995-08-18 08:20:00,236.0,227.51871751493252
1995-08-18 08:25:00,231.0,253.63682273672134
1995-08-18 08:30:00,189.0,283.7278015088661
1995-08-18 08:35:00,201.0,260.2400611727902
1995-08-18 08:40:00,258.0,243.3181030800405
1995-08-18 08:45:00,285.0,303.1244658082993
1995-08-18 08:50:00,309.0,304.8249313789215
1995-08-18 08:55:00,251.0,329.8752918667678
1995-08-18 09:00:00,195.0,316.3992365921627
1995-08-18 09:05:00,191.0,273.98015290485347
1995-08-18 09:10:00,239.0,280.3256663611334
1995-08-18 09:15:00,216.0,313.1278140022097
1995-08-18 09:20:00,191.0,294.8190354967742
1995-08-18 09:25:00,232.0,276.42308423071813
1995-08-18 09:30:00,340.0,290.9007442888552
1995-08-18 09:35:00,260.0,333.60611290491494
1995-08-18 09:40:00,256.0,313.6530180689207
1995-08-18 09:45:00,325.0,337.3620670390771
1995-08-18 09:50:00,277.0,352.2117140453063
1995-08-18 09:55:00,315.0,357.01724413962893
1995-08-18 10:00:00,250.0,358.4230093421423
1995-08-18 10:05:00,298.0,354.1958583072643
1995-08-18 10:10:00,313.0,366.1270464557134
1995-08-18 10:15:00,232.0,340.2464181373814
1995-08-18 10:20:00,310.0,321.5750326680749
1995-08-18 10:25:00,241.0,371.9627026119143
1995-08-18 10:30:00,302.0,326.9945122986033
1995-08-18 10:35:00,294.0,356.4991775316775
1995-08-18 10:40:00,392.0,364.3749785770128
1995-08-18 10:45:00,325.0,413.21589505659097
1995-08-18 10:50:00,215.0,392.3200405493956
1995-08-18 10:55:00,263.0,346.24806846514065
1995-08-18 11:00:00,253.0,369.70227350350024
1995-08-18 11:05:00,265.0,360.31066786468057
1995-08-18 11:10:00,336.0,344.1392369836416
1995-08-18 11:15:00,383.0,378.25002073639524
1995-08-18 11:20:00,438.0,393.4147267663654
1995-08-18 11:25:00,402.0,399.5180026785973
1995-08-18 11:30:00,355.0,415.96410146562965
1995-08-18 11:35:00,292.0,388.9576490179984
1995-08-18 11:40:00,328.0,380.79419134928236
1995-08-18 11:45:00,252.0,396.4731086711657
1995-08-18 11:50:00,191.0,361.86253347764944
1995-08-18 11:55:00,358.0,352.50339940333265
1995-08-18 12:00:00,302.0,387.3158441587887
1995-08-18 12:05:00,248.0,369.6309435620023
1995-08-18 12:10:00,260.0,356.5319649517438
1995-08-18 12:15:00,300.0,372.25753481080204
1995-08-18 12:20:00,230.0,356.36745175900234
1995-08-18 12:25:00,343.0,330.9494356410232
1995-08-18 12:30:00,319.0,380.11659172662473
1995-08-18 12:35:00,333.0,350.2703964514868
1995-08-18 12:40:00,312.0,368.63895123548997
1995-08-18 12:45:00,330.0,378.062792730838
1995-08-18 12:50:00,313.0,397.6378060808877
1995-08-18 12:55:00,265.0,395.81609663188414
1995-08-18 13:00:00,359.0,381.99959578936364
1995-08-18 13:05:00,410.0,391.6468803274002
1995-08-18 13:10:00,288.0,417.40038630741475
1995-08-18 13:15:00,388.0,388.9552229286934
1995-08-18 13:20:00,358.0,402.73837762759723
1995-08-18 13:25:00,446.0,410.54651329497733
1995-08-18 13:30:00,291.0,414.23074007629054
1995-08-18 13:35:00,382.0,384.8013760149786
1995-08-18 13:40:00,411.0,401.8393824684665
1995-08-18 13:45:00,328.0,414.7358146655083
1995-08-18 13:50:00,394.0,392.4941222606207
1995-08-18 13:55:00,401.0,419.08620794821076
1995-08-18 14:00:00,546.0,432.39054647920847
1995-08-18 14:05:00,305.0,471.8632535367189
1995-08-18 14:10:00,401.0,435.4756775696897
1995-08-18 14:15:00,298.0,421.8788328734974
1995-08-18 14:20:00,283.0,409.36913033134573
1995-08-18 14:25:00,322.0,392.39321133031797
1995-08-18 14:30:00,206.0,393.3464955161724
1995-08-18 14:35:00,378.0,361.47917499144137
1995-08-18 14:40:00,285.0,410.79969494419015
1995-08-18 14:45:00,365.0,363.1016223741614
1995-08-18 14:50:00,256.0,394.24529742374204
1995-08-18 14:55:00,251.0,371.89463656607046
1995-08-18 15:00:00,418.0,373.3426941597454
1995-08-18 15:05:00,311.0,418.9228014770638
1995-08-18 15:10:00,360.0,381.12561664525265
1995-08-18 15:15:00,328.0,414.29410352474406
1995-08-18 15:20:00,324.0,389.3875124532521
1995-08-18 15:25:00,467.0,401.5189993557673
1995-08-18 15:30:00,275.0,427.65977859836937
1995-08-18 15:35:00,364.0,395.5589322349787
1995-08-18 15:40:00,336.0,424.9837046854898
1995-08-18 15:45:00,369.0,389.9581412725473
1995-08-18 15:50:00,455.0,396.26256091730596
1995-08-18 15:55:00,314.0,417.83076926122635
1995-08-18 16:00:00,440.0,389.3812495369301
1995-08-18 16:05:00,471.0,412.2464878642375
1995-08-18 16:10:00,303.0,420.7551584251387
1995-08-18 16:15:00,369.0,398.5093194874579
1995-08-18 16:20:00,326.0,422.5676834434911
1995-08-18 16:25:00,285.0,407.4854912822408
1995-08-18 16:30:00,285.0,379.4435270116423
1995-08-18 16:35:00,270.0,384.866479152982
1995-08-18 16:40:00,218.0,380.99274861222204
1995-08-18 16:45:00,423.0,326.6099646530079
1995-08-18 16:50:00,2.0,387.6174005394649
1995-08-18 16:55:00,1.0,306.4985273963655
1995-08-18 17:00:00,260.0,249.2661917220889
1995-08-18 17:05:00,242.0,338.81622173202976
1995-08-18 17:10:00,308.0,323.2515699472029
1995-08-18 17:15:00,243.0,330.0082123804916
1995-08-18 17:20:00,256.0,301.980269646082
1995-08-18 17:25:00,320.0,320.55599046384776
1995-08-18 17:30:00,312.0,339.9036730517753
1995-08-18 17:35:00,242.0,349.54035058294033
1995-08-18 17:40:00,281.0,344.2604400029342
1995-08-18 17:45:00,214.0,353.117709158944
1995-08-18 17:50:00,181.0,303.4055930109507
1995-08-18 17:55:00,183.0,280.39006648148654
1995-08-18 18:00:00,176.0,275.17023950062367
1995-08-18 18:05:00,158.0,246.92757706757
1995-08-18 18:10:00,199.0,239.69058124357804
1995-08-18 18:15:00,191.0,252.23467991172055
1995-08-18 18:20:00,216.0,241.0134201197659
1995-08-18 18:25:00,110.0,251.58927701669276
1995-08-18 18:30:00,115.0,215.16939992554123
1995-08-18 18:35:00,223.0,190.7781408728775
1995-08-18 18:40:00,131.0,238.40788784227897
1995-08-18 18:45:00,155.0,203.3204973202898
1995-08-18 18:50:00,199.0,205.11292649094563
1995-08-18 18:55:00,167.0,234.73337113607818
1995-08-18 19:00:00,160.0,205.51756460001917
1995-08-18 19:05:00,132.0,209.05170073660764
1995-08-18 19:10:00,93.0,205.1269807506586
1995-08-18 19:15:00,158.0,171.40663767383677
1995-08-18 19:20:00,228.0,204.40945873877203
1995-08-18 19:25:00,104.0,231.16964463274448
1995-08-18 19:30:00,160.0,185.83376355951782
1995-08-18 19:35:00,137.0,195.45312075606785
1995-08-18 19:40:00,108.0,193.01055490822318
1995-08-18 19:45:00,165.0,180.69256435709596
1995-08-18 19:50:00,153.0,189.36259400251467
1995-08-18 19:55:00,177.0,185.81830281966492
1995-08-18 20:00:00,115.0,186.73803172214681
1995-08-18 20:05:00,159.0,185.5898499837264
1995-08-18 20:10:00,123.0,195.08938981397145
1995-08-18 20:15:00,113.0,174.53927012223372
1995-08-18 20:20:00,107.0,171.71403647489382
1995-08-18 20:25:00,141.0,163.81581739361724
1995-08-18 20:30:00,81.0,189.61798156038307
1995-08-18 20:35:00,108.0,153.44970135913502
1995-08-18 20:40:00,145.0,152.39065748224488
1995-08-18 20:45:00,201.0,172.4300590527395
1995-08-18 20:50:00,170.0,188.9393017909235
1995-08-18 20:55:00,101.0,184.0826845285328
1995-08-18 21:00:00,245.0,158.67340975596989
1995-08-18 21:05:00,197.0,224.31057012818673
1995-08-18 21:10:00,163.0,229.07456127832555
1995-08-18 21:15:00,182.0,221.7449905437907
1995-08-18 21:20:00,109.0,230.74785325875186
1995-08-18 21:25:00,118.0,192.9040757180958
1995-08-18 21:30:00,124.0,186.29788924798615
1995-08-18 21:35:00,105.0,182.2330470639868
1995-08-18 21:40:00,129.0,169.36299864375238
1995-08-18 21:45:00,144.0,173.1953439856264
1995-08-18 21:50:00,112.0,178.921045078816
1995-08-18 21:55:00,140.0,174.93286749198109
1995-08-18 22:00:00,151.0,175.51511221897894
1995-08-18 22:05:00,140.0,183.74132830980594
1995-08-18 22:10:00,189.0,185.71153115643725
1995-08-18 22:15:00,182.0,195.27787343595236
1995-08-18 22:20:00,153.0,203.64549238515212
1995-08-18 22:25:00,171.0,211.16890204742563
1995-08-18 22:30:00,185.0,198.19839108151027
1995-08-18 22:35:00,152.0,214.21756191892294
1995-08-18 22:40:00,186.0,212.38570874098096
1995-08-18 22:45:00,152.0,217.37559781729496
1995-08-18 22:50:00,93.0,195.178942497494
1995-08-18 22:55:00,123.0,170.85280359584704
1995-08-18 23:00:00,121.0,172.74685722501277
1995-08-18 23:05:00,109.0,167.31150124594132
1995-08-18 23:10:00,125.0,161.23105394913537
1995-08-18 23:15:00,132.0,169.22218141636617
1995-08-18 23:20:00,73.0,161.17765673900007
1995-08-18 23:25:00,92.0,139.7363147571178
1995-08-18 23:30:00,138.0,147.0100151516275
1995-08-18 23:35:00,144.0,164.78417803726347
1995-08-18 23:40:00,176.0,172.4608315469213
1995-08-18 23:45:00,232.0,177.90090823080632
1995-08-18 23:50:00,135.0,215.78287121179855
1995-08-18 23:55:00,162.0,187.42592930675264
1995-08-19 00:00:00,246.0,171.08764505280297
1995-08-19 00:05:00,172.0,216.31298070540163
1995-08-19 00:10:00,86.0,191.2491906358527
1995-08-19 00:15:00,179.0,166.55779812027254
1995-08-19 00:20:00,73.0,174.79041717917738
1995-08-19 00:25:00,137.0,148.54665663224026
1995-08-19 00:30:00,123.0,166.69155511642367
1995-08-19 00:35:00,114.0,154.53560105779084
1995-08-19 00:40:00,100.0,152.66992185282234
1995-08-19 00:45:00,92.0,130.65524659731898
1995-08-19 00:50:00,144.0,135.8697753222525
1995-08-19 00:55:00,76.0,155.3085689678348
1995-08-19 01:00:00,80.0,131.3260778880353
1995-08-19 01:05:00,87.0,129.52065537466055
1995-08-19 01:10:00,55.0,123.80000759019815
1995-08-19 01:15:00,85.0,111.88784477837883
1995-08-19 01:20:00,84.0,110.13422206609866
1995-08-19 01:25:00,85.0,113.72629311499068
1995-08-19 01:30:00,71.0,112.98354017536182
1995-08-19 01:35:00,42.0,102.1194233091173
1995-08-19 01:40:00,62.0,96.51466877109685
1995-08-19 01:45:00,99.0,98.1818337867879
1995-08-19 01:50:00,138.0,115.11284452190745
1995-08-19 01:55:00,153.0,139.5872396102916
1995-08-19 02:00:00,135.0,147.25642268070072
1995-08-19 02:05:00,86.0,139.55432279633567
1995-08-19 02:10:00,137.0,120.32279662118826
1995-08-19 02:15:00,61.0,147.36095582311066
1995-08-19 02:20:00,83.0,125.61284099037422
1995-08-19 02:25:00,67.0,105.47709685783776
1995-08-19 02:30:00,79.0,104.27571641733583
1995-08-19 02:35:00,89.0,104.16780038364341
1995-08-19 02:40:00,137.0,111.86101289865601
1995-08-19 02:45:00,96.0,130.2546399375511
1995-08-19 02:50:00,61.0,115.41623772320843
1995-08-19 02:55:00,47.0,107.88916803202189
1995-08-19 03:00:00,60.0,96.84342665314566
1995-08-19 03:05:00,71.0,96.19545079536775
1995-08-19 03:10:00,58.0,100.03325869031575
1995-08-19 03:15:00,64.0,93.13762939346125
1995-08-19 03:20:00,115.0,84.64968077000044
1995-08-19 03:25:00,93.0,110.09168607148055
1995-08-19 03:30:00,85.0,108.1123805511244
1995-08-19 03:35:00,131.0,110.37291165976437
1995-08-19 03:40:00,133.0,121.47718972876463
1995-08-19 03:45:00,93.0,132.0480221891241
1995-08-19 03:50:00,79.0,118.78388948369884
1995-08-19 03:55:00,51.0,107.80769750611726
1995-08-19 04:00:00,46.0,97.45623293291386
1995-08-19 04:05:00,69.0,90.399194309672
1995-08-19 04:10:00,77.0,90.30091339553428
1995-08-19 04:15:00,71.0,99.56276688838086
1995-08-19 04:20:00,39.0,97.69639518118112
1995-08-19 04:25:00,53.0,89.51257628705933
1995-08-19 04:30:00,68.0,84.65794794265057
1995-08-19 04:35:00,71.0,83.44105759094691
1995-08-19 04:40:00,58.0,85.85748750433635
1995-08-19 04:45:00,71.0,85.56948063907355
1995-08-19 04:50:00,72.0,89.3158141298947
1995-08-19 04:55:00,34.0,82.34347876177209
1995-08-19 05:00:00,84.0,68.83365222776976
1995-08-19 05:05:00,46.0,68.15917623339755
1995-08-19 05:10:00,68.0,51.4856820615483
1995-08-19 05:15:00,63.0,83.31326343094067
1995-08-19 05:20:00,20.0,73.75618436314805
1995-08-19 05:25:00,67.0,57.567108135363995
1995-08-19 05:30:00,52.0,80.6893150285693
1995-08-19 05:35:00,46.0,59.4060378314549
1995-08-19 05:40:00,54.0,67.77084892581706
1995-08-19 05:45:00,52.0,73.18877109166273
1995-08-19 05:50:00,32.0,68.0231975484368
1995-08-19 05:55:00,63.0,45.273504258959626
1995-08-19 06:00:00,52.0,75.15104960682471
1995-08-19 06:05:00,81.0,59.56452040560825
1995-08-19 06:10:00,75.0,75.85418561933382
1995-08-19 06:15:00,93.0,78.59536302073592
1995-08-19 06:20:00,89.0,97.09301948385165
1995-08-19 06:25:00,35.0,103.60515639416647
1995-08-19 06:30:00,58.0,90.89067718479963
1995-08-19 06:35:00,71.0,84.6369400758582
1995-08-19 06:40:00,83.0,84.80094202038147
1995-08-19 06:45:00,57.0,90.1683200757538
1995-08-19 06:50:00,63.0,87.98376123257056
1995-08-19 06:55:00,78.0,77.84807002791902
1995-08-19 07:00:00,48.0,92.8584936321105
1995-08-19 07:05:00,58.0,88.9475001919726
1995-08-19 07:10:00,33.0,84.23995218504948
1995-08-19 07:15:00,43.0,74.09995166501568
1995-08-19 07:20:00,84.0,75.57588051774846
1995-08-19 07:25:00,68.0,79.59905995233207
1995-08-19 07:30:00,51.0,97.94769531710368
1995-08-19 07:35:00,71.0,86.84999526812366
1995-08-19 07:40:00,99.0,92.84448401571863
1995-08-19 07:45:00,150.0,108.01298289536089
1995-08-19 07:50:00,141.0,143.67567874502495
1995-08-19 07:55:00,117.0,146.60104166940238
1995-08-19 08:00:00,95.0,143.7352186461459
1995-08-19 08:05:00,46.0,128.04719810543708
1995-08-19 08:10:00,115.0,111.2420714257772
1995-08-19 08:15:00,101.0,126.94279989973437
1995-08-19 08:20:00,107.0,128.69898637998895
1995-08-19 08:25:00,110.0,145.87923227857033
1995-08-19 08:30:00,109.0,143.10346676005113
1995-08-19 08:35:00,71.0,139.09604882314449
1995-08-19 08:40:00,51.0,117.54783860934968
1995-08-19 08:45:00,57.0,108.16553150992608
1995-08-19 08:50:00,100.0,105.36426034540148
1995-08-19 08:55:00,59.0,112.22623365286634
1995-08-19 09:00:00,84.0,109.69123439900277
1995-08-19 09:05:00,72.0,99.75627654226427
1995-08-19 09:10:00,129.0,100.10413163786416
1995-08-19 09:15:00,113.0,131.03977603606353
1995-08-19 09:20:00,104.0,131.39744748499322
1995-08-19 09:25:00,131.0,131.65249090740446
1995-08-19 09:30:00,189.0,152.51671989183845
1995-08-19 09:35:00,129.0,184.39686694911268
1995-08-19 09:40:00,113.0,168.0049871539574
1995-08-19 09:45:00,120.0,154.91802316222987
1995-08-19 09:50:00,103.0,160.95221334261726
1995-08-19 09:55:00,99.0,155.89952008950297
1995-08-19 10:00:00,152.0,150.95614560850268
1995-08-19 10:05:00,112.0,179.199810271024
1995-08-19 10:10:00,163.0,154.55348250604354
1995-08-19 10:15:00,130.0,188.3666014060819
1995-08-19 10:20:00,169.0,172.75338218835208
1995-08-19 10:25:00,184.0,179.0240636695417
1995-08-19 10:30:00,75.0,202.98433212495482
1995-08-19 10:35:00,66.0,167.57008224800236
1995-08-19 10:40:00,88.0,153.01757737433735
1995-08-19 10:45:00,105.0,148.09177521746895
1995-08-19 10:50:00,166.0,151.7409342409757
1995-08-19 10:55:00,153.0,177.0024086102453
1995-08-19 11:00:00,76.0,193.67999947729714
1995-08-19 11:05:00,79.0,143.934980974638
1995-08-19 11:10:00,121.0,138.0050065390049
1995-08-19 11:15:00,101.0,161.51022091265344
1995-08-19 11:20:00,130.0,149.910379362204
1995-08-19 11:25:00,155.0,159.77339601106928
1995-08-19 11:30:00,138.0,188.40238395687942
1995-08-19 11:35:00,133.0,168.3202919751955
1995-08-19 11:40:00,120.0,173.4414040757404
1995-08-19 11:45:00,150.0,169.59998920476787
1995-08-19 11:50:00,159.0,187.06827644492384
1995-08-19 11:55:00,88.0,187.56648555453376
1995-08-19 12:00:00,178.0,162.15907098009663
1995-08-19 12:05:00,143.0,192.04248214905485
1995-08-19 12:10:00,167.0,178.84263898877325
1995-08-19 12:15:00,86.0,189.2878342395249
1995-08-19 12:20:00,95.0,164.57719306684328
1995-08-19 12:25:00,113.0,158.0328920952957
1995-08-19 12:30:00,124.0,153.07622635641056
1995-08-19 12:35:00,170.0,164.2678175715059
1995-08-19 12:40:00,125.0,188.54000243896817
1995-08-19 12:45:00,132.0,163.6221284190365
1995-08-19 12:50:00,89.0,165.5668487251262
1995-08-19 12:55:00,114.0,155.1579926122778
1995-08-19 13:00:00,131.0,171.20578990464432
1995-08-19 13:05:00,105.0,171.8638058632272
1995-08-19 13:10:00,120.0,171.47469944574988
1995-08-19 13:15:00,140.0,165.10017717867538
1995-08-19 13:20:00,86.0,181.25304357407796
1995-08-19 13:25:00,67.0,157.50791072339663
1995-08-19 13:30:00,102.0,133.76003736836378
1995-08-19 13:35:00,118.0,147.09030325032484
1995-08-19 13:40:00,169.0,170.6882909970968
1995-08-19 13:45:00,128.0,176.02581310895135
1995-08-19 13:50:00,131.0,173.97609863721547
1995-08-19 13:55:00,186.0,175.51756328251707
1995-08-19 14:00:00,166.0,194.0087757769592
1995-08-19 14:05:00,117.0,196.9212067129243
1995-08-19 14:10:00,104.0,177.38550222651833
1995-08-19 14:15:00,137.0,172.27783830779288
1995-08-19 14:20:00,161.0,178.78140925578472
1995-08-19 14:25:00,204.0,192.7491966451218
1995-08-19 14:30:00,190.0,204.3373796238178
1995-08-19 14:35:00,192.0,214.31507183685622
1995-08-19 14:40:00,215.0,224.40080038193838
1995-08-19 14:45:00,191.0,249.97632527802725
1995-08-19 14:50:00,115.0,240.37689585251718
1995-08-19 14:55:00,185.0,216.90935703204806
1995-08-19 15:00:00,144.0,233.56355777465404
1995-08-19 15:05:00,115.0,198.88964575757942
1995-08-19 15:10:00,189.0,182.1799242716074
1995-08-19 15:15:00,137.0,210.10960086885038
1995-08-19 15:20:00,157.0,196.29656871439067
1995-08-19 15:25:00,120.0,200.94759412615744
1995-08-19 15:30:00,133.0,193.75439423547425
1995-08-19 15:35:00,115.0,186.16599822952685
1995-08-19 15:40:00,132.0,177.05740313691607
1995-08-19 15:45:00,165.0,180.17954113782727
1995-08-19 15:50:00,134.0,183.28112519254984
1995-08-19 15:55:00,123.0,185.13530705945564
1995-08-19 16:00:00,102.0,160.26923042233784
1995-08-19 16:05:00,117.0,155.23861146070678
1995-08-19 16:10:00,102.0,157.71858981391895
1995-08-19 16:15:00,90.0,158.3434800436288
1995-08-19 16:20:00,185.0,145.28247973493578
1995-08-19 16:25:00,152.0,183.44761661825828
1995-08-19 16:30:00,82.0,185.24214633436546
1995-08-19 16:35:00,119.0,138.79434622488904
1995-08-19 16:40:00,127.0,151.59538229946
1995-08-19 16:45:00,176.0,163.3409417839728
1995-08-19 16:50:00,169.0,180.57552444064888
1995-08-19 16:55:00,143.0,189.28499651115388
1995-08-19 17:00:00,138.0,187.1069437452309
1995-08-19 17:05:00,131.0,186.4069709602413
1995-08-19 17:10:00,138.0,187.7556798095671
1995-08-19 17:15:00,142.0,187.79211132428196
1995-08-19 17:20:00,167.0,190.185186134068
1995-08-19 17:25:00,131.0,194.44715022084358
1995-08-19 17:30:00,117.0,186.67740921194635
1995-08-19 17:35:00,104.0,168.290178361313
1995-08-19 17:40:00,182.0,155.45696123915494
1995-08-19 17:45:00,146.0,182.31584090998405
1995-08-19 17:50:00,100.0,185.69191184883326
1995-08-19 17:55:00,98.0,158.88398156023712
1995-08-19 18:00:00,111.0,149.40427042381336
1995-08-19 18:05:00,126.0,157.09083486080735
1995-08-19 18:10:00,120.0,157.6038033061642
1995-08-19 18:15:00,149.0,154.182573774122
1995-08-19 18:20:00,166.0,177.12727408438974
1995-08-19 18:25:00,163.0,179.6575590213782
1995-08-19 18:30:00,83.0,181.93492220339363
1995-08-19 18:35:00,81.0,143.52523133137137
1995-08-19 18:40:00,78.0,139.02480856027373
1995-08-19 18:45:00,84.0,144.9553687566692
1995-08-19 18:50:00,75.0,139.06910885584225
1995-08-19 18:55:00,107.0,129.81812925517025
1995-08-19 19:00:00,117.0,131.51220572899032
1995-08-19 19:05:00,184.0,146.573993205529
1995-08-19 19:10:00,120.0,185.7826657974564
1995-08-19 19:15:00,75.0,157.27858079936948
1995-08-19 19:20:00,85.0,138.9818169592359
1995-08-19 19:25:00,157.0,137.54671698248754
1995-08-19 19:30:00,151.0,168.11239422794034
1995-08-19 19:35:00,88.0,180.29270955231559
1995-08-19 19:40:00,92.0,151.70212236049593
1995-08-19 19:45:00,58.0,137.62641623410764
1995-08-19 19:50:00,156.0,127.17397176954351
1995-08-19 19:55:00,118.0,164.62013140822128
1995-08-19 20:00:00,118.0,169.9193686385185
1995-08-19 20:05:00,105.0,155.6408787107227
1995-08-19 20:10:00,116.0,152.29914044100119
1995-08-19 20:15:00,123.0,146.35883731052158
1995-08-19 20:20:00,169.0,155.52138581453482
1995-08-19 20:25:00,217.0,176.56736643082021
1995-08-19 20:30:00,119.0,217.64499484789042
1995-08-19 20:35:00,152.0,185.04616396896049
1995-08-19 20:40:00,111.0,191.08310111329027
1995-08-19 20:45:00,101.0,169.20536060663548
1995-08-19 20:50:00,67.0,166.05326660524116
1995-08-19 20:55:00,123.0,161.66847660165175
1995-08-19 21:00:00,104.0,158.40674425540317
1995-08-19 21:05:00,84.0,157.22100723590086
1995-08-19 21:10:00,175.0,148.12520649546002
1995-08-19 21:15:00,166.0,181.04550803530017
1995-08-19 21:20:00,134.0,185.35634209320534
1995-08-19 21:25:00,130.0,172.95238617566162
1995-08-19 21:30:00,107.0,185.74655871359465
1995-08-19 21:35:00,106.0,158.83236739821473
1995-08-19 21:40:00,112.0,152.04877763939717
1995-08-19 21:45:00,188.0,163.16568942651023
1995-08-19 21:50:00,103.0,193.855674871877
1995-08-19 21:55:00,139.0,154.27391110076007
1995-08-19 22:00:00,128.0,178.1145742379304
1995-08-19 22:05:00,137.0,159.58987953693756
1995-08-19 22:10:00,183.0,161.7977983271331
1995-08-19 22:15:00,129.0,187.0850575374609
1995-08-19 22:20:00,156.0,174.6012257689006
1995-08-19 22:25:00,112.0,180.65246103667306
1995-08-19 22:30:00,100.0,164.68426964009853
1995-08-19 22:35:00,101.0,159.5585135723913
1995-08-19 22:40:00,107.0,154.04913757087385
1995-08-19 22:45:00,84.0,157.03859799298272
1995-08-19 22:50:00,148.0,128.40107059713907
1995-08-19 22:55:00,195.0,171.59490347272563
1995-08-19 23:00:00,106.0,193.439724683344
1995-08-19 23:05:00,121.0,159.84328438992273
1995-08-19 23:10:00,157.0,160.24408114455701
1995-08-19 23:15:00,172.0,186.21553564290468
1995-08-19 23:20:00,206.0,188.77964403391584
1995-08-19 23:25:00,168.0,196.1850279843129
1995-08-19 23:30:00,82.0,197.7977373324559
1995-08-19 23:35:00,117.0,157.15982343507685
1995-08-19 23:40:00,115.0,154.70873693964867
1995-08-19 23:45:00,82.0,165.09196247161444
1995-08-19 23:50:00,107.0,141.658002092707
1995-08-19 23:55:00,132.0,158.4518036869536
1995-08-20 00:00:00,133.0,145.41527754964062
1995-08-20 00:05:00,143.0,141.097365808244
1995-08-20 00:10:00,116.0,146.77890023262455
1995-08-20 00:15:00,146.0,135.45321904142153
1995-08-20 00:20:00,183.0,155.5127376490186
1995-08-20 00:25:00,135.0,169.06620663567568
1995-08-20 00:30:00,158.0,156.62586043524078
1995-08-20 00:35:00,129.0,161.8173274996505
1995-08-20 00:40:00,141.0,158.91577527919011
1995-08-20 00:45:00,121.0,151.20939969506526
1995-08-20 00:50:00,129.0,150.32534172954644
1995-08-20 00:55:00,113.0,159.6664865288465
1995-08-20 01:00:00,127.0,136.6062769795619
1995-08-20 01:05:00,101.0,164.01240710776705
1995-08-20 01:10:00,142.0,143.79268118868814
1995-08-20 01:15:00,153.0,158.39124984839077
1995-08-20 01:20:00,127.0,164.40453186634548
1995-08-20 01:25:00,98.0,156.35312997565237
1995-08-20 01:30:00,124.0,137.193145268672
1995-08-20 01:35:00,61.0,146.59407565914233
1995-08-20 01:40:00,105.0,135.37709124031275
1995-08-20 01:45:00,92.0,133.28016138674678
1995-08-20 01:50:00,111.0,133.11848592325524
1995-08-20 01:55:00,71.0,142.13383629351418
1995-08-20 02:00:00,69.0,117.44456973099345
1995-08-20 02:05:00,45.0,107.09914855430166
1995-08-20 02:10:00,78.0,100.35553805776853
1995-08-20 02:15:00,68.0,97.01458896857886
1995-08-20 02:20:00,79.0,97.75997491517529
1995-08-20 02:25:00,57.0,102.93291392073083
1995-08-20 02:30:00,93.0,101.87880332787019
1995-08-20 02:35:00,75.0,100.58203667971624
1995-08-20 02:40:00,68.0,104.42966588567101
1995-08-20 02:45:00,59.0,102.38573950422213
1995-08-20 02:50:00,85.0,99.75702871004685
1995-08-20 02:55:00,74.0,99.24704843165732
1995-08-20 03:00:00,91.0,104.7912939978056
1995-08-20 03:05:00,69.0,111.74785915741661
1995-08-20 03:10:00,45.0,101.03216701491735
1995-08-20 03:15:00,49.0,92.56574561903625
1995-08-20 03:20:00,98.0,88.73727257610996
1995-08-20 03:25:00,93.0,101.35836597327959
1995-08-20 03:30:00,73.0,115.07324235150803
1995-08-20 03:35:00,89.0,101.70303645752556
1995-08-20 03:40:00,67.0,105.4505209231761
1995-08-20 03:45:00,96.0,92.27346537513462
1995-08-20 03:50:00,66.0,101.26403622551798
1995-08-20 03:55:00,113.0,93.77339553255774
1995-08-20 04:00:00,52.0,108.17202150105287
1995-08-20 04:05:00,23.0,88.86772214911153
1995-08-20 04:10:00,74.0,74.0842430012602
1995-08-20 04:15:00,72.0,87.49663854483498
1995-08-20 04:20:00,56.0,88.29259981719727
1995-08-20 04:25:00,66.0,78.90794133378839
1995-08-20 04:30:00,58.0,76.49768535960523
1995-08-20 04:35:00,22.0,79.00559475585918
1995-08-20 04:40:00,77.0,69.04161373842096
1995-08-20 04:45:00,55.0,87.01132101671247
1995-08-20 04:50:00,50.0,78.53768785912914
1995-08-20 04:55:00,40.0,78.53377889295128
1995-08-20 05:00:00,135.0,82.4180503853893
1995-08-20 05:05:00,66.0,105.07125092070144
1995-08-20 05:10:00,19.0,82.98644795251481
1995-08-20 05:15:00,25.0,65.38512062503519
1995-08-20 05:20:00,38.0,58.36165787320234
1995-08-20 05:25:00,21.0,77.82889343662315
1995-08-20 05:30:00,37.0,60.05877325925577
1995-08-20 05:35:00,24.0,63.062132089245566
1995-08-20 05:40:00,66.0,66.80905985001209
1995-08-20 05:45:00,45.0,73.91104944016074
1995-08-20 05:50:00,61.0,74.03251416135332
1995-08-20 05:55:00,35.0,72.84778317494553
1995-08-20 06:00:00,29.0,66.77879371631525
1995-08-20 06:05:00,25.0,52.66072974909526
1995-08-20 06:10:00,47.0,55.05333272492035
1995-08-20 06:15:00,68.0,75.2369818512245
1995-08-20 06:20:00,64.0,77.14128038340742
1995-08-20 06:25:00,34.0,84.69190462993613
1995-08-20 06:30:00,38.0,68.41431118049965
1995-08-20 06:35:00,47.0,73.84468561005232
1995-08-20 06:40:00,37.0,84.17966207039966
1995-08-20 06:45:00,30.0,76.36151189860338
1995-08-20 06:50:00,48.0,63.68079935055171
1995-08-20 06:55:00,54.0,72.02558304366475
1995-08-20 07:00:00,49.0,82.04058283544565
1995-08-20 07:05:00,59.0,87.20511646381203
1995-08-20 07:10:00,76.0,84.55380413697054
1995-08-20 07:15:00,87.0,84.13774494037072
1995-08-20 07:20:00,86.0,102.8287681442632
1995-08-20 07:25:00,96.0,93.41689201153274
1995-08-20 07:30:00,76.0,103.66813997877112
1995-08-20 07:35:00,90.0,103.55140327672119
1995-08-20 07:40:00,68.0,110.50073256024618
1995-08-20 07:45:00,63.0,99.49068286964209
1995-08-20 07:50:00,45.0,101.49212603149438
1995-08-20 07:55:00,57.0,87.7158844295591
1995-08-20 08:00:00,91.0,86.47568888015537
1995-08-20 08:05:00,68.0,102.76694012881238
1995-08-20 08:10:00,35.0,107.19128228111248
1995-08-20 08:15:00,86.0,87.88400944023293
1995-08-20 08:20:00,74.0,89.59680946548954
1995-08-20 08:25:00,57.0,106.86769137473894
1995-08-20 08:30:00,65.0,97.68428919963577
1995-08-20 08:35:00,78.0,91.0531592517225
1995-08-20 08:40:00,88.0,96.65594781745811
1995-08-20 08:45:00,70.0,119.04692874229627
1995-08-20 08:50:00,100.0,99.20371868206034
1995-08-20 08:55:00,70.0,122.33536751281184
1995-08-20 09:00:00,74.0,114.11888196399028
1995-08-20 09:05:00,86.0,108.47027311399124
1995-08-20 09:10:00,101.0,105.7466380260204
1995-08-20 09:15:00,69.0,123.71453816403131
1995-08-20 09:20:00,101.0,112.80037463854387
1995-08-20 09:25:00,91.0,126.83901782995574
1995-08-20 09:30:00,169.0,124.40180346368159
1995-08-20 09:35:00,127.0,169.2043349793755
1995-08-20 09:40:00,107.0,147.68414212377473
1995-08-20 09:45:00,120.0,148.76603379869292
1995-08-20 09:50:00,176.0,149.87424296535085
1995-08-20 09:55:00,85.0,172.7671215836044
1995-08-20 10:00:00,173.0,147.85477151120023
1995-08-20 10:05:00,129.0,166.75809036052306
1995-08-20 10:10:00,126.0,174.0068688840325
1995-08-20 10:15:00,173.0,164.38737992552973
1995-08-20 10:20:00,167.0,183.99755078537038
1995-08-20 10:25:00,158.0,205.8044486119031
1995-08-20 10:30:00,164.0,204.01251437424872
1995-08-20 10:35:00,104.0,212.26563056798605
1995-08-20 10:40:00,166.0,185.4639501842769
1995-08-20 10:45:00,115.0,187.69965110580566
1995-08-20 10:50:00,108.0,177.88026936293227
1995-08-20 10:55:00,99.0,179.98881872420012
1995-08-20 11:00:00,124.0,160.0452498520346
1995-08-20 11:05:00,84.0,163.05580803791818
1995-08-20 11:10:00,101.0,133.94561640608595
1995-08-20 11:15:00,106.0,152.73910893264073
1995-08-20 11:20:00,113.0,148.0175326013421
1995-08-20 11:25:00,153.0,156.05523612859045
1995-08-20 11:30:00,172.0,177.35933033871285
1995-08-20 11:35:00,127.0,180.1227548318526
1995-08-20 11:40:00,175.0,176.46989011097972
1995-08-20 11:45:00,124.0,192.28304688656345
1995-08-20 11:50:00,131.0,181.41694221222727
1995-08-20 11:55:00,169.0,185.15237331433383
1995-08-20 12:00:00,166.0,192.91184239434753
1995-08-20 12:05:00,105.0,188.91801897125524
1995-08-20 12:10:00,165.0,176.91034987714525
1995-08-20 12:15:00,120.0,185.813815255884
1995-08-20 12:20:00,171.0,168.47605344901257
1995-08-20 12:25:00,143.0,192.37941900689196
1995-08-20 12:30:00,141.0,180.69856159466806
1995-08-20 12:35:00,198.0,180.86867987265018
1995-08-20 12:40:00,104.0,199.5068240435174
1995-08-20 12:45:00,95.0,173.84028685077956
1995-08-20 12:50:00,132.0,168.94723345322365
1995-08-20 12:55:00,181.0,178.72700342256434
1995-08-20 13:00:00,146.0,187.58866998435727
1995-08-20 13:05:00,172.0,198.7040132849504
1995-08-20 13:10:00,129.0,186.94218994712529
1995-08-20 13:15:00,109.0,190.20043376249347
1995-08-20 13:20:00,93.0,169.313517209121
1995-08-20 13:25:00,132.0,168.6714977651817
1995-08-20 13:30:00,101.0,170.21654309242868
1995-08-20 13:35:00,163.0,150.86343211958655
1995-08-20 13:40:00,121.0,179.77226748367406
1995-08-20 13:45:00,142.0,162.02501200348274
1995-08-20 13:50:00,189.0,175.722132832051
1995-08-20 13:55:00,84.0,191.22942059299922
1995-08-20 14:00:00,143.0,146.42727277200265
1995-08-20 14:05:00,136.0,175.7785125085131
1995-08-20 14:10:00,165.0,187.38508130396127
1995-08-20 14:15:00,99.0,186.448637380611
1995-08-20 14:20:00,122.0,164.69235139243526
1995-08-20 14:25:00,115.0,167.19102274652184
1995-08-20 14:30:00,80.0,158.37178925741188
1995-08-20 14:35:00,218.0,155.0679765836269
1995-08-20 14:40:00,188.0,197.32886602725844
1995-08-20 14:45:00,186.0,191.27778501345955
1995-08-20 14:50:00,168.0,203.10069152941597
1995-08-20 14:55:00,77.0,202.88084351318926
1995-08-20 15:00:00,91.0,157.9100451136197
1995-08-20 15:05:00,136.0,165.38118025215132
1995-08-20 15:10:00,151.0,187.87536946293739
1995-08-20 15:15:00,127.0,195.15179032074406
1995-08-20 15:20:00,106.0,169.92088454217446
1995-08-20 15:25:00,122.0,167.61516190128208
1995-08-20 15:30:00,135.0,161.1495099917023
1995-08-20 15:35:00,152.0,173.05567741485194
1995-08-20 15:40:00,152.0,179.9672999891312
1995-08-20 15:45:00,208.0,186.78271619946446
1995-08-20 15:50:00,137.0,193.89560278243687
1995-08-20 15:55:00,180.0,183.14249794965443
1995-08-20 16:00:00,110.0,191.10477372591214
1995-08-20 16:05:00,148.0,183.03160017553992
1995-08-20 16:10:00,202.0,191.03388655510525
1995-08-20 16:15:00,149.0,209.14729979883276
1995-08-20 16:20:00,200.0,183.79353897982946
1995-08-20 16:25:00,214.0,206.58287529288594
1995-08-20 16:30:00,129.0,234.7046145081525
1995-08-20 16:35:00,161.0,203.00358383217178
1995-08-20 16:40:00,194.0,186.10682199404164
1995-08-20 16:45:00,148.0,212.02874711888407
1995-08-20 16:50:00,150.0,202.14521331649232
1995-08-20 16:55:00,139.0,203.92369481616177
1995-08-20 17:00:00,145.0,191.5167920466055
1995-08-20 17:05:00,130.0,194.3745151967501
1995-08-20 17:10:00,130.0,194.6663437225791
1995-08-20 17:15:00,105.0,187.15131382008389
1995-08-20 17:20:00,118.0,161.3665431624194
1995-08-20 17:25:00,100.0,152.813858893321
1995-08-20 17:30:00,150.0,147.6897499077197
1995-08-20 17:35:00,143.0,182.3111758146071
1995-08-20 17:40:00,151.0,179.23758490923382
1995-08-20 17:45:00,160.0,174.43121163336298
1995-08-20 17:50:00,121.0,188.31579895165785
1995-08-20 17:55:00,169.0,160.2351547001706
1995-08-20 18:00:00,193.0,183.043058831752
1995-08-20 18:05:00,112.0,200.84746875918717
1995-08-20 18:10:00,115.0,171.1825057811009
1995-08-20 18:15:00,175.0,160.72881322003983
1995-08-20 18:20:00,116.0,186.54965151334727
1995-08-20 18:25:00,159.0,152.8185310206155
1995-08-20 18:30:00,169.0,178.725660217094
1995-08-20 18:35:00,133.0,186.6266869582731
1995-08-20 18:40:00,95.0,166.34335462041957
1995-08-20 18:45:00,61.0,158.43347229252112
1995-08-20 18:50:00,104.0,141.36481800483315
1995-08-20 18:55:00,106.0,151.56990973986586
1995-08-20 19:00:00,166.0,170.65182591629775
1995-08-20 19:05:00,109.0,182.51918701356522
1995-08-20 19:10:00,112.0,164.12777244980342
1995-08-20 19:15:00,125.0,164.0471453267626
1995-08-20 19:20:00,73.0,159.25292668764106
1995-08-20 19:25:00,131.0,147.16007376877022
1995-08-20 19:30:00,135.0,160.91038770715727
1995-08-20 19:35:00,110.0,183.15914491257737
1995-08-20 19:40:00,91.0,145.46600361583066
1995-08-20 19:45:00,117.0,122.25162698126422
1995-08-20 19:50:00,243.0,141.86115672630243
1995-08-20 19:55:00,148.0,193.1853351028706
1995-08-20 20:00:00,114.0,179.98507713296047
1995-08-20 20:05:00,88.0,168.80902710228537
1995-08-20 20:10:00,200.0,149.0823704237068
1995-08-20 20:15:00,122.0,191.63552778666397
1995-08-20 20:20:00,101.0,177.91677450211313
1995-08-20 20:25:00,173.0,164.7419292253907
1995-08-20 20:30:00,142.0,177.73217525694383
1995-08-20 20:35:00,148.0,163.7991949340839
1995-08-20 20:40:00,170.0,173.13681993129762
1995-08-20 20:45:00,130.0,193.2754909749129
1995-08-20 20:50:00,81.0,184.45669565435884
1995-08-20 20:55:00,131.0,149.56907424387464
1995-08-20 21:00:00,86.0,176.03266888712574
1995-08-20 21:05:00,133.0,147.69568484593754
1995-08-20 21:10:00,113.0,168.91542102941645
1995-08-20 21:15:00,134.0,162.25182146390037
1995-08-20 21:20:00,110.0,151.94455503811952
1995-08-20 21:25:00,121.0,147.64554208743428
1995-08-20 21:30:00,220.0,146.48349134650022
1995-08-20 21:35:00,128.0,206.69842795331462
1995-08-20 21:40:00,119.0,183.62265792463833
1995-08-20 21:45:00,147.0,178.54324945178882
1995-08-20 21:50:00,128.0,182.0168112521138
1995-08-20 21:55:00,152.0,173.76488500513034
1995-08-20 22:00:00,114.0,195.121807631171
1995-08-20 22:05:00,171.0,171.2541978589203
1995-08-20 22:10:00,145.0,176.3945140938058
1995-08-20 22:15:00,71.0,179.55667148458855
1995-08-20 22:20:00,148.0,161.33839683637586
1995-08-20 22:25:00,107.0,180.2057618285636
1995-08-20 22:30:00,117.0,159.68914790713072
1995-08-20 22:35:00,193.0,143.76561756827073
1995-08-20 22:40:00,217.0,195.63455996403528
1995-08-20 22:45:00,128.0,212.74082334082638
1995-08-20 22:50:00,142.0,181.28472094048223
1995-08-20 22:55:00,167.0,189.3541348253066
1995-08-20 23:00:00,159.0,190.43749887225556
1995-08-20 23:05:00,220.0,182.12802100069155
1995-08-20 23:10:00,169.0,225.73963118879266
1995-08-20 23:15:00,184.0,202.8555033603878
1995-08-20 23:20:00,122.0,208.76125641709274
1995-08-20 23:25:00,122.0,181.2137926198863
1995-08-20 23:30:00,116.0,188.15993984951092
1995-08-20 23:35:00,80.0,170.80680048832104
1995-08-20 23:40:00,163.0,157.72269386069038
1995-08-20 23:45:00,202.0,176.38681434975942
1995-08-20 23:50:00,226.0,194.56324992654976
1995-08-20 23:55:00,177.0,226.9560352627595
1995-08-21 00:00:00,198.0,177.9127757834248
1995-08-21 00:05:00,127.0,192.63514485793425
1995-08-21 00:10:00,103.0,166.7567318661579
1995-08-21 00:15:00,88.0,172.66294664933358
1995-08-21 00:20:00,169.0,156.62525389683458
1995-08-21 00:25:00,130.0,173.81494047340502
1995-08-21 00:30:00,150.0,154.53701269225303
1995-08-21 00:35:00,156.0,158.50420975765078
1995-08-21 00:40:00,152.0,158.22426105694552
1995-08-21 00:45:00,109.0,154.65218289223475
1995-08-21 00:50:00,132.0,150.09036886446623
1995-08-21 00:55:00,201.0,162.15809801119323
1995-08-21 01:00:00,124.0,174.49601415819558
1995-08-21 01:05:00,93.0,164.88305612653213
1995-08-21 01:10:00,85.0,157.22137673062792
1995-08-21 01:15:00,150.0,136.1451106844836
1995-08-21 01:20:00,170.0,167.36416400520386
1995-08-21 01:25:00,102.0,168.85649050261114
1995-08-21 01:30:00,144.0,154.65544888830644
1995-08-21 01:35:00,142.0,161.76737670675195
1995-08-21 01:40:00,111.0,158.64873989539203
1995-08-21 01:45:00,121.0,154.09189324752953
1995-08-21 01:50:00,142.0,149.39837631292718
1995-08-21 01:55:00,142.0,159.16108327347789
1995-08-21 02:00:00,68.0,167.98372503279634
1995-08-21 02:05:00,66.0,133.37511821732446
1995-08-21 02:10:00,80.0,116.75462043192971
1995-08-21 02:15:00,75.0,122.69438156988868
1995-08-21 02:20:00,75.0,121.09924687206104
1995-08-21 02:25:00,195.0,128.47132120973237
1995-08-21 02:30:00,139.0,168.25434892768925
1995-08-21 02:35:00,86.0,151.67087065955565
1995-08-21 02:40:00,74.0,127.00584138432036
1995-08-21 02:45:00,59.0,110.94351793424528
1995-08-21 02:50:00,156.0,112.44263222286708
1995-08-21 02:55:00,104.0,146.76792697173173
1995-08-21 03:00:00,75.0,127.57835712631524
1995-08-21 03:05:00,62.0,103.9676620493769
1995-08-21 03:10:00,63.0,108.84881200010435
1995-08-21 03:15:00,80.0,105.60350706113024
1995-08-21 03:20:00,61.0,115.05619997128602
1995-08-21 03:25:00,120.0,107.62950875049164
1995-08-21 03:30:00,93.0,115.30260123364641
1995-08-21 03:35:00,90.0,111.75325891756296
1995-08-21 03:40:00,78.0,114.8807582769992
1995-08-21 03:45:00,133.0,98.29862771432543
1995-08-21 03:50:00,103.0,121.36635050308308
1995-08-21 03:55:00,104.0,123.03825819840486
1995-08-21 04:00:00,48.0,119.98285465322367
1995-08-21 04:05:00,57.0,102.38936153667036
1995-08-21 04:10:00,77.0,94.066706562685
1995-08-21 04:15:00,80.0,88.90808407146203
1995-08-21 04:20:00,67.0,85.15256858904439
1995-08-21 04:25:00,90.0,92.51682813614096
1995-08-21 04:30:00,118.0,100.64616962845108
1995-08-21 04:35:00,53.0,109.75900890564121
1995-08-21 04:40:00,62.0,95.89546946969534
1995-08-21 04:45:00,55.0,93.61211364499498
1995-08-21 04:50:00,48.0,97.45159741591227
1995-08-21 04:55:00,53.0,87.90080469943331
1995-08-21 05:00:00,95.0,90.29270383785583
1995-08-21 05:05:00,76.0,100.83368379592517
1995-08-21 05:10:00,75.0,105.03055557610165
1995-08-21 05:15:00,50.0,94.28971499902423
1995-08-21 05:20:00,161.0,83.78641074376775
1995-08-21 05:25:00,80.0,120.67581167633034
1995-08-21 05:30:00,85.0,108.08537786588815
1995-08-21 05:35:00,117.0,101.8232242411645
1995-08-21 05:40:00,125.0,115.62964159086458
1995-08-21 05:45:00,93.0,117.84436513355801
1995-08-21 05:50:00,101.0,113.03424979057773
1995-08-21 05:55:00,77.0,112.2024014242756
1995-08-21 06:00:00,149.0,105.71140623389385
1995-08-21 06:05:00,87.0,146.91107127719948
1995-08-21 06:10:00,75.0,120.95931911591563
1995-08-21 06:15:00,74.0,108.31946299728924
1995-08-21 06:20:00,127.0,97.27588997251404
1995-08-21 06:25:00,87.0,123.41246955300312
1995-08-21 06:30:00,38.0,114.17790313213332
1995-08-21 06:35:00,61.0,101.03185315898214
1995-08-21 06:40:00,84.0,96.16094098593594
1995-08-21 06:45:00,94.0,94.43658949690672
1995-08-21 06:50:00,137.0,118.68597305686959
1995-08-21 06:55:00,81.0,130.42315731667045
1995-08-21 07:00:00,78.0,116.28694701462801
1995-08-21 07:05:00,105.0,113.0366150179668
1995-08-21 07:10:00,118.0,124.67050137072849
1995-08-21 07:15:00,110.0,141.2056145077217
1995-08-21 07:20:00,107.0,145.98755666950422
1995-08-21 07:25:00,115.0,136.22679122380777
1995-08-21 07:30:00,103.0,149.644786619076
1995-08-21 07:35:00,196.0,138.75126162324926
1995-08-21 07:40:00,182.0,179.20374184864102
1995-08-21 07:45:00,157.0,194.40753968395683
1995-08-21 07:50:00,118.0,201.11961386231826
1995-08-21 07:55:00,188.0,185.7272877860742
1995-08-21 08:00:00,171.0,221.9878488693772
1995-08-21 08:05:00,132.0,210.7257786143661
1995-08-21 08:10:00,168.0,212.50502064838318
1995-08-21 08:15:00,186.0,207.04510692596415
1995-08-21 08:20:00,157.0,216.54200464607018
1995-08-21 08:25:00,185.0,204.26761245792738
1995-08-21 08:30:00,222.0,231.5867435543399
1995-08-21 08:35:00,175.0,239.85605625317822
1995-08-21 08:40:00,117.0,227.76546794951193
1995-08-21 08:45:00,175.0,223.80610246395705
1995-08-21 08:50:00,145.0,221.62025484714118
1995-08-21 08:55:00,159.0,237.93290899394384
1995-08-21 09:00:00,149.0,236.1434864007187
1995-08-21 09:05:00,146.0,230.34862928356097
1995-08-21 09:10:00,194.0,236.57495388041386
1995-08-21 09:15:00,138.0,226.04658188912884
1995-08-21 09:20:00,180.0,213.10605438508205
1995-08-21 09:25:00,188.0,220.6775958747881
1995-08-21 09:30:00,222.0,240.10375050833483
1995-08-21 09:35:00,254.0,249.1091578501067
1995-08-21 09:40:00,197.0,295.2120157987069
1995-08-21 09:45:00,289.0,259.95629629874827
1995-08-21 09:50:00,284.0,306.7070436148512
1995-08-21 09:55:00,263.0,291.6828188376395
1995-08-21 10:00:00,322.0,316.5670257497604
1995-08-21 10:05:00,252.0,343.2117406385895
1995-08-21 10:10:00,214.0,329.34274764345497
1995-08-21 10:15:00,248.0,301.2336222456194
1995-08-21 10:20:00,206.0,325.23549326554553
1995-08-21 10:25:00,265.0,292.7936126998361
1995-08-21 10:30:00,244.0,327.5633193207016
1995-08-21 10:35:00,235.0,306.06831075173756
1995-08-21 10:40:00,286.0,325.47587976558935
1995-08-21 10:45:00,272.0,314.5342048294529
1995-08-21 10:50:00,191.0,334.480778667714
1995-08-21 10:55:00,220.0,286.06042036917785
1995-08-21 11:00:00,343.0,289.2581576270414
1995-08-21 11:05:00,276.0,357.879320060531
1995-08-21 11:10:00,324.0,329.307492463737
1995-08-21 11:15:00,200.0,356.7952169514473
1995-08-21 11:20:00,284.0,304.80639904564737
1995-08-21 11:25:00,341.0,338.7353049630713
1995-08-21 11:30:00,370.0,360.5161678002292
1995-08-21 11:35:00,303.0,400.94244974433633
1995-08-21 11:40:00,294.0,390.4613647281057
1995-08-21 11:45:00,301.0,382.3817340329542
1995-08-21 11:50:00,438.0,380.12952152684653
1995-08-21 11:55:00,359.0,403.05187341356265
1995-08-21 12:00:00,258.0,384.6140401211329
1995-08-21 12:05:00,363.0,382.868678559358
1995-08-21 12:10:00,336.0,381.9299646300373
1995-08-21 12:15:00,349.0,397.5583431510959
1995-08-21 12:20:00,404.0,392.0392910898241
1995-08-21 12:25:00,401.0,411.69099529010657
1995-08-21 12:30:00,424.0,439.42714614071303
1995-08-21 12:35:00,373.0,417.53218816612195
1995-08-21 12:40:00,374.0,408.9874226232198
1995-08-21 12:45:00,424.0,406.0834136602001
1995-08-21 12:50:00,490.0,444.86013997729316
1995-08-21 12:55:00,381.0,460.6276444085262
1995-08-21 13:00:00,374.0,421.48915174349935
1995-08-21 13:05:00,325.0,427.5725808359509
1995-08-21 13:10:00,388.0,424.71683652598483
1995-08-21 13:15:00,337.0,417.862388485759
1995-08-21 13:20:00,353.0,407.90723313287094
1995-08-21 13:25:00,310.0,412.5089288879334
1995-08-21 13:30:00,379.0,410.67688646137395
1995-08-21 13:35:00,306.0,411.43592423167115
1995-08-21 13:40:00,285.0,406.3912881888215
1995-08-21 13:45:00,193.0,394.7976316637952
1995-08-21 13:50:00,3.0,341.7811428965677
1995-08-21 13:55:00,182.0,296.37331907637264
1995-08-21 14:00:00,268.0,301.40197298246466
1995-08-21 14:05:00,203.0,362.1906886298316
1995-08-21 14:10:00,285.0,290.23371205241335
1995-08-21 14:15:00,279.0,335.23724600744845
1995-08-21 14:20:00,221.0,316.5732045104673
1995-08-21 14:25:00,375.0,306.3532679282474
1995-08-21 14:30:00,257.0,405.5034189913824
1995-08-21 14:35:00,279.0,341.4009066089335
1995-08-21 14:40:00,241.0,345.59259515031357
1995-08-21 14:45:00,285.0,336.5133038507622
1995-08-21 14:50:00,343.0,335.44640999680155
1995-08-21 14:55:00,248.0,367.08156215984746
1995-08-21 15:00:00,297.0,346.18704389812405
1995-08-21 15:05:00,249.0,357.3335882753511
1995-08-21 15:10:00,373.0,343.1961632754045
1995-08-21 15:15:00,290.0,399.5797350541075
1995-08-21 15:20:00,332.0,372.7746339257453
1995-08-21 15:25:00,349.0,394.9096290700025
1995-08-21 15:30:00,444.0,388.5353896474425
1995-08-21 15:35:00,450.0,403.7621071738652
1995-08-21 15:40:00,475.0,417.9901918127811
1995-08-21 15:45:00,390.0,417.1296221837967
1995-08-21 15:50:00,316.0,428.677000282317
1995-08-21 15:55:00,248.0,406.36212542603374
1995-08-21 16:00:00,254.0,383.23485689098516
1995-08-21 16:05:00,365.0,392.7917086585846
1995-08-21 16:10:00,442.0,377.8380394778615
1995-08-21 16:15:00,434.0,394.31040943251804
1995-08-21 16:20:00,404.0,392.20418290652685
1995-08-21 16:25:00,369.0,388.1221973762993
1995-08-21 16:30:00,304.0,398.2727880985122
1995-08-21 16:35:00,374.0,392.42085510491614
1995-08-21 16:40:00,299.0,403.2116615704603
1995-08-21 16:45:00,284.0,395.4082996984362
1995-08-21 16:50:00,243.0,373.7066528574587
1995-08-21 16:55:00,239.0,340.8580282486643
1995-08-21 17:00:00,285.0,332.65234255863993
1995-08-21 17:05:00,337.0,342.38306883874503
1995-08-21 17:10:00,213.0,370.7916937694758
1995-08-21 17:15:00,246.0,303.31240251179673
1995-08-21 17:20:00,211.0,334.05217641358786
1995-08-21 17:25:00,240.0,299.3800883324893
1995-08-21 17:30:00,236.0,316.4325043845666
1995-08-21 17:35:00,223.0,308.9201507150836
1995-08-21 17:40:00,294.0,287.0102688964287
1995-08-21 17:45:00,231.0,295.804138417563
1995-08-21 17:50:00,302.0,292.4391482897185
1995-08-21 17:55:00,230.0,318.45816913840054
1995-08-21 18:00:00,242.0,287.75076292730364
1995-08-21 18:05:00,216.0,288.60843779536015
1995-08-21 18:10:00,208.0,279.44019711974977
1995-08-21 18:15:00,282.0,263.6281805979706
1995-08-21 18:20:00,181.0,302.0930928016464
1995-08-21 18:25:00,247.0,262.925051675304
1995-08-21 18:30:00,266.0,275.8660009951324
1995-08-21 18:35:00,286.0,289.5264167315399
1995-08-21 18:40:00,211.0,285.823758935105
1995-08-21 18:45:00,143.0,284.8041550813599
1995-08-21 18:50:00,178.0,258.7870304204941
1995-08-21 18:55:00,181.0,239.54838274414396
1995-08-21 19:00:00,131.0,242.42900192929488
1995-08-21 19:05:00,146.0,218.01937009852483
1995-08-21 19:10:00,140.0,217.26242913610568
1995-08-21 19:15:00,197.0,209.8910903946252
1995-08-21 19:20:00,207.0,224.02296631603267
1995-08-21 19:25:00,149.0,228.22132553091646
1995-08-21 19:30:00,117.0,213.03295509526023
1995-08-21 19:35:00,121.0,186.06268731717986
1995-08-21 19:40:00,171.0,175.9805252357131
1995-08-21 19:45:00,182.0,191.5997391359005
1995-08-21 19:50:00,138.0,198.6618679408486
1995-08-21 19:55:00,185.0,191.88091513396284
1995-08-21 20:00:00,251.0,198.29211300413274
1995-08-21 20:05:00,189.0,247.32584212222642
1995-08-21 20:10:00,167.0,230.32119645214314
1995-08-21 20:15:00,141.0,223.68764376564147
1995-08-21 20:20:00,161.0,200.75412660288998
1995-08-21 20:25:00,168.0,207.64706625661373
1995-08-21 20:30:00,216.0,217.87956708700008
1995-08-21 20:35:00,210.0,248.01624707429778
1995-08-21 20:40:00,131.0,242.75006434399089
1995-08-21 20:45:00,168.0,205.6312674884142
1995-08-21 20:50:00,81.0,205.84009508333352
1995-08-21 20:55:00,116.0,189.9361328121655
1995-08-21 21:00:00,165.0,186.05469242737175
1995-08-21 21:05:00,190.0,222.177848914455
1995-08-21 21:10:00,128.0,204.67391630675746
1995-08-21 21:15:00,156.0,186.69218030626897
1995-08-21 21:20:00,161.0,206.71116811652126
1995-08-21 21:25:00,195.0,198.61586686494735
1995-08-21 21:30:00,186.0,204.6777637084615
1995-08-21 21:35:00,182.0,222.14007658958164
1995-08-21 21:40:00,242.0,213.36891936581213
1995-08-21 21:45:00,122.0,246.08193351236974
1995-08-21 21:50:00,172.0,197.14791533604696
1995-08-21 21:55:00,142.0,197.74225301300436
1995-08-21 22:00:00,148.0,198.47266356037628
1995-08-21 22:05:00,127.0,215.39577803915273
1995-08-21 22:10:00,125.0,202.7289221316282
1995-08-21 22:15:00,88.0,180.74320569672258
1995-08-21 22:20:00,133.0,150.22208164562264
1995-08-21 22:25:00,149.0,174.2772132761642
1995-08-21 22:30:00,132.0,181.3993744773487
1995-08-21 22:35:00,100.0,182.3335757083141
1995-08-21 22:40:00,139.0,161.5608987829385
1995-08-21 22:45:00,76.0,180.33021129070136
1995-08-21 22:50:00,101.0,144.96750591414576
1995-08-21 22:55:00,155.0,151.52439906035437
1995-08-21 23:00:00,133.0,176.9068654297682
1995-08-21 23:05:00,139.0,169.61123177052417
1995-08-21 23:10:00,124.0,175.99378995766168
1995-08-21 23:15:00,93.0,169.7955980107011
1995-08-21 23:20:00,85.0,157.21641424673217
1995-08-21 23:25:00,148.0,148.34833798065708
1995-08-21 23:30:00,149.0,182.05311206687261
1995-08-21 23:35:00,148.0,177.56134884612214
1995-08-21 23:40:00,111.0,182.69310607331727
1995-08-21 23:45:00,106.0,162.32645704919364
1995-08-21 23:50:00,143.0,160.77454963026756
1995-08-21 23:55:00,217.0,179.15279544596882
1995-08-22 00:00:00,150.0,188.34410879802695
1995-08-22 00:05:00,116.0,176.59906106791868
1995-08-22 00:10:00,103.0,161.9712209149187
1995-08-22 00:15:00,157.0,153.14383549953286
1995-08-22 00:20:00,84.0,170.87530012671724
1995-08-22 00:25:00,121.0,146.77117072946083
1995-08-22 00:30:00,69.0,155.52221293612962
1995-08-22 00:35:00,132.0,127.00124308561581
1995-08-22 00:40:00,154.0,144.9800947121366
1995-08-22 00:45:00,147.0,157.67330157683105
1995-08-22 00:50:00,122.0,166.42263904443425
1995-08-22 00:55:00,101.0,150.7094547056049
1995-08-22 01:00:00,100.0,138.02587500101845
1995-08-22 01:05:00,48.0,138.56621252497104
1995-08-22 01:10:00,62.0,122.7309020212636
1995-08-22 01:15:00,80.0,109.24867818226294
1995-08-22 01:20:00,101.0,109.82029444982291
1995-08-22 01:25:00,80.0,119.28387790675848
1995-08-22 01:30:00,140.0,115.03432592578676
1995-08-22 01:35:00,87.0,146.65858808584832
1995-08-22 01:40:00,127.0,120.14590487326889
1995-08-22 01:45:00,102.0,128.869286992465
1995-08-22 01:50:00,107.0,119.76206798255068
1995-08-22 01:55:00,92.0,123.57120923599581
1995-08-22 02:00:00,51.0,114.56175446010003
1995-08-22 02:05:00,43.0,111.52381047922418
1995-08-22 02:10:00,33.0,90.45782779254394
1995-08-22 02:15:00,106.0,68.76363688727682
1995-08-22 02:20:00,80.0,103.71724133878001
1995-08-22 02:25:00,122.0,103.09731138926027
1995-08-22 02:30:00,58.0,113.0833743622909
1995-08-22 02:35:00,109.0,98.90602414445449
1995-08-22 02:40:00,91.0,118.68792087649899
1995-08-22 02:45:00,76.0,117.7856093495633
1995-08-22 02:50:00,68.0,99.68415258549442
1995-08-22 02:55:00,111.0,98.20800050805754
1995-08-22 03:00:00,117.0,107.65146823952858
1995-08-22 03:05:00,113.0,116.28190133854672
1995-08-22 03:10:00,78.0,121.11837311630258
1995-08-22 03:15:00,130.0,107.03604238703767
1995-08-22 03:20:00,118.0,126.91417113334623
1995-08-22 03:25:00,76.0,119.0600239525854
1995-08-22 03:30:00,80.0,101.16225852664793
1995-08-22 03:35:00,66.0,98.58508462019394
1995-08-22 03:40:00,68.0,104.41211857492935
1995-08-22 03:45:00,84.0,98.16290935347024
1995-08-22 03:50:00,105.0,97.91032129409481
1995-08-22 03:55:00,81.0,115.13328438540616
1995-08-22 04:00:00,91.0,101.55326572370711
1995-08-22 04:05:00,105.0,114.77410033909011
1995-08-22 04:10:00,43.0,112.07546254329306
1995-08-22 04:15:00,122.0,96.71454296578179
1995-08-22 04:20:00,106.0,113.69816735320155
1995-08-22 04:25:00,66.0,121.15572194877215
1995-08-22 04:30:00,58.0,98.95501151578343
1995-08-22 04:35:00,44.0,94.30156546488136
1995-08-22 04:40:00,72.0,76.52146761046994
1995-08-22 04:45:00,64.0,87.81764118525679
1995-08-22 04:50:00,41.0,91.3312161036197
1995-08-22 04:55:00,78.0,76.37123459287024
1995-08-22 05:00:00,114.0,75.97456590779295
1995-08-22 05:05:00,117.0,105.71829198670908
1995-08-22 05:10:00,50.0,115.24356801300722
1995-08-22 05:15:00,86.0,84.41563064560607
1995-08-22 05:20:00,36.0,104.58824832264628
1995-08-22 05:25:00,58.0,86.83253288841856
1995-08-22 05:30:00,63.0,80.39702114003529
1995-08-22 05:35:00,45.0,88.01856355645127
1995-08-22 05:40:00,48.0,79.55591152234064
1995-08-22 05:45:00,69.0,73.06501051397365
1995-08-22 05:50:00,86.0,75.70326502193424
1995-08-22 05:55:00,57.0,91.95016728991672
1995-08-22 06:00:00,92.0,97.10292181282182
1995-08-22 06:05:00,76.0,95.89495546082722
1995-08-22 06:10:00,58.0,101.60163206302643
1995-08-22 06:15:00,62.0,90.58881188790954
1995-08-22 06:20:00,58.0,88.39796904486109
1995-08-22 06:25:00,68.0,91.5385800290635
1995-08-22 06:30:00,104.0,86.63667706794112
1995-08-22 06:35:00,90.0,106.53957641168915
1995-08-22 06:40:00,134.0,106.5133286168055
1995-08-22 06:45:00,70.0,128.05841408528028
1995-08-22 06:50:00,122.0,104.2304306811574
1995-08-22 06:55:00,143.0,121.4647126372453
1995-08-22 07:00:00,83.0,162.42594623040512
1995-08-22 07:05:00,79.0,130.96557218375062
1995-08-22 07:10:00,100.0,123.8508327415398
1995-08-22 07:15:00,122.0,122.9094863539838
1995-08-22 07:20:00,174.0,143.82530619576212
1995-08-22 07:25:00,200.0,169.03990173393242
1995-08-22 07:30:00,178.0,191.2752444003037
1995-08-22 07:35:00,210.0,200.48458810830635
1995-08-22 07:40:00,204.0,236.41806785477706
1995-08-22 07:45:00,165.0,234.39806466002787
1995-08-22 07:50:00,196.0,228.29999697325795
1995-08-22 07:55:00,200.0,245.22200163407192
1995-08-22 08:00:00,138.0,248.23011809173687
1995-08-22 08:05:00,181.0,229.62488267199666
1995-08-22 08:10:00,197.0,242.23989498702645
1995-08-22 08:15:00,192.0,233.0158716151182
1995-08-22 08:20:00,206.0,235.59567382349871
1995-08-22 08:25:00,246.0,237.19128844724136
1995-08-22 08:30:00,226.0,272.0468325249611
1995-08-22 08:35:00,225.0,272.2326519688203
1995-08-22 08:40:00,237.0,284.73236495617533
1995-08-22 08:45:00,171.0,284.68245399835894
1995-08-22 08:50:00,182.0,247.7873795820241
1995-08-22 08:55:00,231.0,253.81505686285922
1995-08-22 09:00:00,235.0,277.5365466031217
1995-08-22 09:05:00,273.0,292.76032389312434
1995-08-22 09:10:00,220.0,305.93133388785077
1995-08-22 09:15:00,263.0,297.58327705326667
1995-08-22 09:20:00,203.0,319.7827106371302
1995-08-22 09:25:00,257.0,287.99190907418904
1995-08-22 09:30:00,285.0,353.48819836779484
1995-08-22 09:35:00,328.0,331.4870552313778
1995-08-22 09:40:00,295.0,356.0837225857611
1995-08-22 09:45:00,250.0,350.065787701862
1995-08-22 09:50:00,234.0,343.3347889223548
1995-08-22 09:55:00,170.0,332.99567500800833
1995-08-22 10:00:00,220.0,310.74076991292037
1995-08-22 10:05:00,125.0,311.3559053207136
1995-08-22 10:10:00,176.0,284.7535574576551
1995-08-22 10:15:00,195.0,253.5513193626855
1995-08-22 10:20:00,209.0,272.0651221742777
1995-08-22 10:25:00,238.0,275.64047145806205
1995-08-22 10:30:00,252.0,271.50260513354374
1995-08-22 10:35:00,276.0,322.71354733371226
1995-08-22 10:40:00,285.0,308.3082458306073
1995-08-22 10:45:00,272.0,309.0421352974289
1995-08-22 10:50:00,354.0,333.57959702785377
1995-08-22 10:55:00,235.0,362.86975765782455
1995-08-22 11:00:00,275.0,320.12464628261347
1995-08-22 11:05:00,325.0,354.30233691785105
1995-08-22 11:10:00,309.0,342.8398950109382
1995-08-22 11:15:00,261.0,335.04552069128385
1995-08-22 11:20:00,309.0,344.40438256481474
1995-08-22 11:25:00,317.0,364.8109618505943
1995-08-22 11:30:00,348.0,360.8388718068476
1995-08-22 11:35:00,378.0,381.40929421737945
1995-08-22 11:40:00,314.0,411.8089817256914
1995-08-22 11:45:00,356.0,384.6326367171045
1995-08-22 11:50:00,313.0,397.6285778726285
1995-08-22 11:55:00,274.0,397.98596509126156
1995-08-22 12:00:00,336.0,377.3091124838526
1995-08-22 12:05:00,335.0,380.29556136683675
1995-08-22 12:10:00,358.0,390.2283992354296
1995-08-22 12:15:00,339.0,382.8916422545743
1995-08-22 12:20:00,441.0,388.60886866806874
1995-08-22 12:25:00,381.0,414.7356753318871
1995-08-22 12:30:00,334.0,409.3900376364135
1995-08-22 12:35:00,375.0,389.77360948437246
1995-08-22 12:40:00,372.0,414.2983336711588
1995-08-22 12:45:00,349.0,423.16445680582916
1995-08-22 12:50:00,305.0,392.21556099088133
1995-08-22 12:55:00,323.0,390.9017682078809
1995-08-22 13:00:00,403.0,389.23864375437216
1995-08-22 13:05:00,409.0,410.4555390802523
1995-08-22 13:10:00,412.0,416.9702773394352
1995-08-22 13:15:00,393.0,409.8711814195188
1995-08-22 13:20:00,404.0,413.1616060741322
1995-08-22 13:25:00,413.0,411.73315765542304
1995-08-22 13:30:00,365.0,422.3630335985759
1995-08-22 13:35:00,340.0,427.94760661273403
1995-08-22 13:40:00,392.0,417.890342828885
1995-08-22 13:45:00,321.0,441.8620081070853
1995-08-22 13:50:00,258.0,404.90706071588454
1995-08-22 13:55:00,223.0,385.50311515429496
1995-08-22 14:00:00,419.0,349.6544720643137
1995-08-22 14:05:00,384.0,408.0473642225776
1995-08-22 14:10:00,293.0,393.374551033943
1995-08-22 14:15:00,293.0,390.4797572532396
1995-08-22 14:20:00,329.0,409.3652162225969
1995-08-22 14:25:00,295.0,378.6681572140043
1995-08-22 14:30:00,270.0,388.01794749267833
1995-08-22 14:35:00,286.0,383.47295591857045
1995-08-22 14:40:00,300.0,397.15645409454436
1995-08-22 14:45:00,431.0,385.4230083480188
1995-08-22 14:50:00,361.0,415.6485078083279
1995-08-22 14:55:00,382.0,390.4314553172559
1995-08-22 15:00:00,344.0,391.3386092164614
1995-08-22 15:05:00,288.0,394.20358158189083
1995-08-22 15:10:00,471.0,387.9347591392272
1995-08-22 15:15:00,401.0,424.08794983728
1995-08-22 15:20:00,380.0,415.9460449052282
1995-08-22 15:25:00,442.0,406.54952262762
1995-08-22 15:30:00,325.0,409.92718527443617
1995-08-22 15:35:00,298.0,399.0392374142835
1995-08-22 15:40:00,276.0,381.43698264792346
1995-08-22 15:45:00,274.0,400.013186499498
1995-08-22 15:50:00,403.0,384.58338475227396
1995-08-22 15:55:00,401.0,408.2620843207532
1995-08-22 16:00:00,360.0,426.2114272647826
1995-08-22 16:05:00,470.0,400.75828651707866
1995-08-22 16:10:00,514.0,406.8225133851728
1995-08-22 16:15:00,434.0,421.4474073907456
1995-08-22 16:20:00,369.0,412.17854201237236
1995-08-22 16:25:00,226.0,410.31383040580874
1995-08-22 16:30:00,314.0,381.802604881001
1995-08-22 16:35:00,246.0,392.0816709876103
1995-08-22 16:40:00,338.0,375.31134354051375
1995-08-22 16:45:00,305.0,398.15383214371946
1995-08-22 16:50:00,389.0,382.0655539052096
1995-08-22 16:55:00,274.0,409.8677001816758
1995-08-22 17:00:00,345.0,355.9766632472499
1995-08-22 17:05:00,306.0,381.3660225380922
1995-08-22 17:10:00,140.0,368.3414044880819
1995-08-22 17:15:00,247.0,329.8737950937042
1995-08-22 17:20:00,258.0,341.05480770944763
1995-08-22 17:25:00,269.0,336.4518394206877
1995-08-22 17:30:00,264.0,337.4522161307163
1995-08-22 17:35:00,197.0,339.33313276261117
1995-08-22 17:40:00,208.0,294.69795092144363
1995-08-22 17:45:00,358.0,290.4926808560184
1995-08-22 17:50:00,210.0,364.83858779657936
1995-08-22 17:55:00,189.0,295.90113828201265
1995-08-22 18:00:00,239.0,286.46468845917116
1995-08-22 18:05:00,194.0,303.9516150375685
1995-08-22 18:10:00,224.0,273.65093300654036
1995-08-22 18:15:00,211.0,280.4707012966116
1995-08-22 18:20:00,180.0,272.12882027372916
1995-08-22 18:25:00,133.0,246.40738833162425
1995-08-22 18:30:00,260.0,231.11357046641646
1995-08-22 18:35:00,187.0,276.2345312601325
1995-08-22 18:40:00,206.0,241.70148553223123
1995-08-22 18:45:00,232.0,247.75727576066132
1995-08-22 18:50:00,265.0,272.66469406127214
1995-08-22 18:55:00,259.0,279.10027686034994
1995-08-22 19:00:00,182.0,288.15926777232994
1995-08-22 19:05:00,238.0,258.1166484359789
1995-08-22 19:10:00,97.0,267.71576723215406
1995-08-22 19:15:00,188.0,225.7424866949684
1995-08-22 19:20:00,120.0,246.88974885005987
1995-08-22 19:25:00,175.0,229.0314748556693
1995-08-22 19:30:00,121.0,222.83980082529547
1995-08-22 19:35:00,122.0,192.8064006778019
1995-08-22 19:40:00,196.0,190.86148381525254
1995-08-22 19:45:00,223.0,215.53981905094685
1995-08-22 19:50:00,141.0,219.08847003652042
1995-08-22 19:55:00,214.0,206.00548314715095
1995-08-22 20:00:00,238.0,235.10113541926899
1995-08-22 20:05:00,233.0,249.46385921922027
1995-08-22 20:10:00,111.0,260.9611784433234
1995-08-22 20:15:00,189.0,221.0550043484894
1995-08-22 20:20:00,144.0,238.1843892985654
1995-08-22 20:25:00,196.0,213.9515202015464
1995-08-22 20:30:00,207.0,238.78495238894192
1995-08-22 20:35:00,178.0,227.4505101452289
1995-08-22 20:40:00,94.0,213.98074103121326
1995-08-22 20:45:00,101.0,181.19491644390808
1995-08-22 20:50:00,105.0,175.59648440750553
1995-08-22 20:55:00,173.0,176.69406017255582
1995-08-22 21:00:00,207.0,199.8853727324159
1995-08-22 21:05:00,169.0,208.8202225588493
1995-08-22 21:10:00,147.0,215.0838883253142
1995-08-22 21:15:00,143.0,200.7170062683047
1995-08-22 21:20:00,149.0,187.46198943771466
1995-08-22 21:25:00,144.0,207.19111254040078
1995-08-22 21:30:00,187.0,190.83985757078375
1995-08-22 21:35:00,203.0,198.76938833936586
1995-08-22 21:40:00,138.0,214.24456717726054
1995-08-22 21:45:00,285.0,188.68826753502418
1995-08-22 21:50:00,144.0,253.54057191617463
1995-08-22 21:55:00,182.0,207.85449667295717
1995-08-22 22:00:00,157.0,227.48479660905167
1995-08-22 22:05:00,177.0,216.80761494822565
1995-08-22 22:10:00,137.0,206.53482015556776
1995-08-22 22:15:00,218.0,202.52191448850982
1995-08-22 22:20:00,133.0,234.4342573105379
1995-08-22 22:25:00,179.0,198.29305592757578
1995-08-22 22:30:00,115.0,205.42020848395256
1995-08-22 22:35:00,104.0,188.3901349490746
1995-08-22 22:40:00,111.0,185.546657844702
1995-08-22 22:45:00,155.0,171.27588701342336
1995-08-22 22:50:00,169.0,189.71715709267184
1995-08-22 22:55:00,172.0,183.54648488029946
1995-08-22 23:00:00,183.0,194.94450269084726
1995-08-22 23:05:00,155.0,197.36524714276746
1995-08-22 23:10:00,146.0,203.4575361284334
1995-08-22 23:15:00,134.0,192.25162620108242
1995-08-22 23:20:00,113.0,200.80375702442444
1995-08-22 23:25:00,90.0,178.95776021485963
1995-08-22 23:30:00,127.0,170.93990788106692
1995-08-22 23:35:00,119.0,167.74000865039588
1995-08-22 23:40:00,128.0,165.03903860547462
1995-08-22 23:45:00,137.0,171.38721247513953
1995-08-22 23:50:00,138.0,159.22385468568302
